work,book,source,language,toc_status,authority,current_encoding,production_file,production_sha256,production_toc_present,available_elsewhere_in_production,source_scope,recommended_action,confidence,evidence_note
Antiquities,1,Niese,Greek,NOT_YET_VERIFIED,ant-latin-word-1; ant-polyglot-html-1,NO_SOURCE_CONTENTS_BLOCK_IN_THIS_BOOK_XML,assets/xml/antiquities/Greek/book-01.xml,7c82be2ce7299a389995a93ef905f905db14b79c6a49288569e52cf4fd65d4c9,False,False,Specified list/source evidence; no unsupported complete-edition absence claim,Verify complete authoritative source paratext; do not synthesize a list.,UNCERTAIN_SOURCE_AVAILABILITY,"Current and inspected earlier project material do not furnish an attested list here. Titles, duration summaries and HAEC SUNT formulas without entries are not reconstructed as TOCs. Complete source paratext remains to be verified."
Antiquities,2,Niese,Greek,NOT_YET_VERIFIED,ant-latin-word-2; ant-polyglot-html-2,NO_SOURCE_CONTENTS_BLOCK_IN_THIS_BOOK_XML,assets/xml/antiquities/Greek/book-02.xml,f00d53181a4b3403f70346bcdd0c47c86c22c53c774c0a7bdaf4ae862ac2d1da,False,False,Specified list/source evidence; no unsupported complete-edition absence claim,Verify complete authoritative source paratext; do not synthesize a list.,UNCERTAIN_SOURCE_AVAILABILITY,"Current and inspected earlier project material do not furnish an attested list here. Titles, duration summaries and HAEC SUNT formulas without entries are not reconstructed as TOCs. Complete source paratext remains to be verified."
Antiquities,3,Niese,Greek,NOT_YET_VERIFIED,ant-latin-word-3; ant-polyglot-html-3,NO_SOURCE_CONTENTS_BLOCK_IN_THIS_BOOK_XML,assets/xml/antiquities/Greek/book-03.xml,967280266aec51e390b057f309157989070185cd3d3ae08102f723eea14a50d7,False,False,Specified list/source evidence; no unsupported complete-edition absence claim,Verify complete authoritative source paratext; do not synthesize a list.,UNCERTAIN_SOURCE_AVAILABILITY,"Current and inspected earlier project material do not furnish an attested list here. Titles, duration summaries and HAEC SUNT formulas without entries are not reconstructed as TOCs. Complete source paratext remains to be verified."
Antiquities,4,Niese,Greek,NOT_YET_VERIFIED,ant-latin-word-4; ant-polyglot-html-4,NO_SOURCE_CONTENTS_BLOCK_IN_THIS_BOOK_XML,assets/xml/antiquities/Greek/book-04.xml,6a829c561e267d857d3609b01c8afd9cdb533edbb7dd828f5dd72438fbbce4b3,False,False,Specified list/source evidence; no unsupported complete-edition absence claim,Verify complete authoritative source paratext; do not synthesize a list.,UNCERTAIN_SOURCE_AVAILABILITY,"Current and inspected earlier project material do not furnish an attested list here. Titles, duration summaries and HAEC SUNT formulas without entries are not reconstructed as TOCs. Complete source paratext remains to be verified."
Antiquities,5,Niese,Greek,PRESENT_IN_PRODUCTION,assets/xml/antiquities/Greek/book-05.xml,SOURCE_CONTENTS_BLOCK_PRESENT,assets/xml/antiquities/Greek/book-05.xml,6da4f29227376a81789955f5d1230018a5f1fee4aabbffa398f18aef64f5214c,True,False,Specified list/source evidence; no unsupported complete-edition absence claim,Display existing contents as paratext after the global restoration gate clears.,HIGH_CURRENT_ENCODING,Explicit contents formula followed by summary paragraphs in chapter-zero wrapper; preserve source wording and order.
Antiquities,6,Niese,Greek,NOT_YET_VERIFIED,ant-latin-word-6; ant-polyglot-html-6,NO_SOURCE_CONTENTS_BLOCK_IN_THIS_BOOK_XML,assets/xml/antiquities/Greek/book-06.xml,0415434537ab6f1802daeca943f01ad1cf35b7eebca69dbfcf0417e696b25a64,False,False,Specified list/source evidence; no unsupported complete-edition absence claim,Verify complete authoritative source paratext; do not synthesize a list.,UNCERTAIN_SOURCE_AVAILABILITY,"Current and inspected earlier project material do not furnish an attested list here. Titles, duration summaries and HAEC SUNT formulas without entries are not reconstructed as TOCs. Complete source paratext remains to be verified."
Antiquities,7,Niese,Greek,NOT_YET_VERIFIED,ant-latin-word-7; ant-polyglot-html-7,NO_SOURCE_CONTENTS_BLOCK_IN_THIS_BOOK_XML,assets/xml/antiquities/Greek/book-07.xml,1ecd613ea829466177ea90f6699e7f44e40fdcf7e0b219504796a7cc1862a18f,False,False,Specified list/source evidence; no unsupported complete-edition absence claim,Verify complete authoritative source paratext; do not synthesize a list.,UNCERTAIN_SOURCE_AVAILABILITY,"Current and inspected earlier project material do not furnish an attested list here. Titles, duration summaries and HAEC SUNT formulas without entries are not reconstructed as TOCs. Complete source paratext remains to be verified."
Antiquities,8,Niese,Greek,NOT_YET_VERIFIED,ant-latin-word-8; ant-polyglot-html-8,NO_SOURCE_CONTENTS_BLOCK_IN_THIS_BOOK_XML,assets/xml/antiquities/Greek/book-08.xml,010a566202b9f18d6a35528720986a89a1ceb9dd7417866696cd1e74ef85b098,False,False,Specified list/source evidence; no unsupported complete-edition absence claim,Verify complete authoritative source paratext; do not synthesize a list.,UNCERTAIN_SOURCE_AVAILABILITY,"Current and inspected earlier project material do not furnish an attested list here. Titles, duration summaries and HAEC SUNT formulas without entries are not reconstructed as TOCs. Complete source paratext remains to be verified."
Antiquities,9,Niese,Greek,NOT_YET_VERIFIED,ant-latin-tpen-9,NO_SOURCE_CONTENTS_BLOCK_IN_THIS_BOOK_XML,assets/xml/antiquities/Greek/book-09.xml,c6958a02b0f55d4bae23d4d33e8695d8a142361e373b1b2828a2b1da7626d403,False,False,Specified list/source evidence; no unsupported complete-edition absence claim,Verify complete authoritative source paratext; do not synthesize a list.,UNCERTAIN_SOURCE_AVAILABILITY,"Current and inspected earlier project material do not furnish an attested list here. Titles, duration summaries and HAEC SUNT formulas without entries are not reconstructed as TOCs. Complete source paratext remains to be verified."
Antiquities,10,Niese,Greek,NOT_YET_VERIFIED,ant-latin-tpen-10,NO_SOURCE_CONTENTS_BLOCK_IN_THIS_BOOK_XML,assets/xml/antiquities/Greek/book-10.xml,6e4d4495ea48de1addd6a94ca81d34044621e6ddf2e716d1b8ff6db760caa5ae,False,False,Specified list/source evidence; no unsupported complete-edition absence claim,Verify complete authoritative source paratext; do not synthesize a list.,UNCERTAIN_SOURCE_AVAILABILITY,"Current and inspected earlier project material do not furnish an attested list here. Titles, duration summaries and HAEC SUNT formulas without entries are not reconstructed as TOCs. Complete source paratext remains to be verified."
Antiquities,11,Niese,Greek,PRESENT_IN_PRODUCTION,assets/xml/antiquities/Greek/book-11.xml,SOURCE_CONTENTS_BLOCK_PRESENT,assets/xml/antiquities/Greek/book-11.xml,2aee7fab8664607c0139532ee7d49cc9a6e6ace0e6e4c34346adac42bc0c4f89,True,False,Specified list/source evidence; no unsupported complete-edition absence claim,Display existing contents as paratext after the global restoration gate clears.,HIGH_CURRENT_ENCODING,Explicit contents formula followed by summary paragraphs in chapter-zero wrapper; preserve source wording and order.
Antiquities,12,Niese,Greek,PRESENT_IN_PRODUCTION,assets/xml/antiquities/Greek/book-12.xml,SOURCE_CONTENTS_BLOCK_PRESENT,assets/xml/antiquities/Greek/book-12.xml,04cca637d71754a2cf277c762d9d6890fc93f052092632add8d4cbf0a6f6aecd,True,False,Specified list/source evidence; no unsupported complete-edition absence claim,Display existing contents as paratext after the global restoration gate clears.,HIGH_CURRENT_ENCODING,Explicit contents formula followed by summary paragraphs in chapter-zero wrapper; preserve source wording and order.
Antiquities,13,Niese,Greek,PRESENT_IN_PRODUCTION,assets/xml/antiquities/Greek/book-13.xml,SOURCE_CONTENTS_BLOCK_PRESENT,assets/xml/antiquities/Greek/book-13.xml,dfde29b8a68309084c4ffee4077452aea1ce1ae6d92cc39108b9d469fbbed279,True,False,Specified list/source evidence; no unsupported complete-edition absence claim,Display existing contents as paratext after the global restoration gate clears.,HIGH_CURRENT_ENCODING,Explicit contents formula followed by summary paragraphs in chapter-zero wrapper; preserve source wording and order.
Antiquities,14,Niese,Greek,PRESENT_IN_PRODUCTION,assets/xml/antiquities/Greek/book-14.xml,SOURCE_CONTENTS_BLOCK_PRESENT,assets/xml/antiquities/Greek/book-14.xml,9db8c651739fab956aa60d9e9926efcb59c10901f04e0756a127a7692259a623,True,False,Specified list/source evidence; no unsupported complete-edition absence claim,Display existing contents as paratext after the global restoration gate clears.,HIGH_CURRENT_ENCODING,Explicit contents formula followed by summary paragraphs in chapter-zero wrapper; preserve source wording and order.
Antiquities,15,Niese,Greek,PRESENT_IN_PRODUCTION,assets/xml/antiquities/Greek/book-15.xml,SOURCE_CONTENTS_BLOCK_PRESENT,assets/xml/antiquities/Greek/book-15.xml,ce29f43ae99296b30e67c2ea7d913282c9e74c46af0cbefef9d5f5a298b4cc27,True,False,Specified list/source evidence; no unsupported complete-edition absence claim,Display existing contents as paratext after the global restoration gate clears.,HIGH_CURRENT_ENCODING,Explicit contents formula followed by summary paragraphs in chapter-zero wrapper; preserve source wording and order.
Antiquities,16,Niese,Greek,PRESENT_IN_PRODUCTION,assets/xml/antiquities/Greek/book-16.xml,SOURCE_CONTENTS_BLOCK_PRESENT,assets/xml/antiquities/Greek/book-16.xml,3fcac31fb8cf2b5970fe62b5ab5832b6506949ca5912fc6633665dce4e8cc785,True,False,Specified list/source evidence; no unsupported complete-edition absence claim,Display existing contents as paratext after the global restoration gate clears.,HIGH_CURRENT_ENCODING,Explicit contents formula followed by summary paragraphs in chapter-zero wrapper; preserve source wording and order.
Antiquities,17,Niese,Greek,PRESENT_IN_PRODUCTION,assets/xml/antiquities/Greek/book-17.xml,SOURCE_CONTENTS_BLOCK_PRESENT,assets/xml/antiquities/Greek/book-17.xml,07a0ab3077b10aa3ba0634ab1ad30b8c106dc715be851e812266f8c2f2b88f29,True,False,Specified list/source evidence; no unsupported complete-edition absence claim,Display existing contents as paratext after the global restoration gate clears.,HIGH_CURRENT_ENCODING,Explicit contents formula followed by summary paragraphs in chapter-zero wrapper; preserve source wording and order.
Antiquities,18,Niese,Greek,PRESENT_IN_PRODUCTION,assets/xml/antiquities/Greek/book-18.xml,SOURCE_CONTENTS_BLOCK_PRESENT,assets/xml/antiquities/Greek/book-18.xml,c00a428cb042469f0f71e4d6b87c46ccf3b44d6e3fbfe55180f878dc97af647e,True,False,Specified list/source evidence; no unsupported complete-edition absence claim,Display existing contents as paratext after the global restoration gate clears.,HIGH_CURRENT_ENCODING,Explicit contents formula followed by summary paragraphs in chapter-zero wrapper; preserve source wording and order.
Antiquities,19,Niese,Greek,PRESENT_IN_PRODUCTION,assets/xml/antiquities/Greek/book-19.xml,SOURCE_CONTENTS_BLOCK_PRESENT,assets/xml/antiquities/Greek/book-19.xml,9e3750336c4a0380d8daa4c1f3f0899dabf8260cab6a3128e1e1aa77970805be,True,False,Specified list/source evidence; no unsupported complete-edition absence claim,Display existing contents as paratext after the global restoration gate clears.,HIGH_CURRENT_ENCODING,Explicit contents formula followed by summary paragraphs in chapter-zero wrapper; preserve source wording and order.
Antiquities,20,Niese,Greek,PRESENT_IN_PRODUCTION,assets/xml/antiquities/Greek/book-20.xml,SOURCE_CONTENTS_BLOCK_PRESENT,assets/xml/antiquities/Greek/book-20.xml,042b24f1d6c50ef029cd8c6c49c24d76348778cd7ebd74cd8fc23906b6f81d19,True,False,Specified list/source evidence; no unsupported complete-edition absence claim,Display existing contents as paratext after the global restoration gate clears.,HIGH_CURRENT_ENCODING,Explicit contents formula followed by summary paragraphs in chapter-zero wrapper; preserve source wording and order.
Antiquities,1,Bamberg 78,Latin,NOT_YET_VERIFIED,ant-latin-word-1; ant-polyglot-html-1,NO_SOURCE_CONTENTS_BLOCK_IN_THIS_BOOK_XML,assets/xml/antiquities/Latin/book-01.xml,236397efea41558911881fbc807eec7f9b01d6058bbc51610f3550c2df77b973,False,False,Specified list/source evidence; no unsupported complete-edition absence claim,Verify complete authoritative source paratext; do not synthesize a list.,UNCERTAIN_SOURCE_AVAILABILITY,"Current and inspected earlier project material do not furnish an attested list here. Titles, duration summaries and HAEC SUNT formulas without entries are not reconstructed as TOCs. Complete source paratext remains to be verified."
Antiquities,2,Bamberg 78,Latin,NOT_YET_VERIFIED,ant-latin-word-2; ant-polyglot-html-2,NO_SOURCE_CONTENTS_BLOCK_IN_THIS_BOOK_XML,assets/xml/antiquities/Latin/book-02.xml,f7b2476b4b029918da1bef9b1abe9040e4e22c04b1dcce3d621a813b173bea72,False,False,Specified list/source evidence; no unsupported complete-edition absence claim,Verify complete authoritative source paratext; do not synthesize a list.,UNCERTAIN_SOURCE_AVAILABILITY,"Current and inspected earlier project material do not furnish an attested list here. Titles, duration summaries and HAEC SUNT formulas without entries are not reconstructed as TOCs. Complete source paratext remains to be verified."
Antiquities,3,Bamberg 78,Latin,NOT_YET_VERIFIED,ant-latin-word-3; ant-polyglot-html-3,NO_SOURCE_CONTENTS_BLOCK_IN_THIS_BOOK_XML,assets/xml/antiquities/Latin/book-03.xml,8750c56152f750fbc1bd7c5d28e07cc73972bf1a86ed3221f79824e1c0573c97,False,False,Specified list/source evidence; no unsupported complete-edition absence claim,Verify complete authoritative source paratext; do not synthesize a list.,UNCERTAIN_SOURCE_AVAILABILITY,"Current and inspected earlier project material do not furnish an attested list here. Titles, duration summaries and HAEC SUNT formulas without entries are not reconstructed as TOCs. Complete source paratext remains to be verified."
Antiquities,4,Bamberg 78,Latin,NOT_YET_VERIFIED,ant-latin-word-4; ant-polyglot-html-4,NO_SOURCE_CONTENTS_BLOCK_IN_THIS_BOOK_XML,assets/xml/antiquities/Latin/book-04.xml,f0d3ae42e5f322b6a7d4c82da13f41bb796bd5ca5184254fa7ac646aa43cf4da,False,False,Specified list/source evidence; no unsupported complete-edition absence claim,Verify complete authoritative source paratext; do not synthesize a list.,UNCERTAIN_SOURCE_AVAILABILITY,"Current and inspected earlier project material do not furnish an attested list here. Titles, duration summaries and HAEC SUNT formulas without entries are not reconstructed as TOCs. Complete source paratext remains to be verified."
Antiquities,5,Bamberg 78,Latin,PRESENT_IN_AUTHORITY_OMITTED_FROM_PRODUCTION,ant-latin-word-5; ant-polyglot-html-5,NO_SOURCE_CONTENTS_BLOCK_IN_THIS_BOOK_XML,assets/xml/antiquities/Latin/book-05.xml,846ff2e8edbc58bd2283e923353beccc8427f49cecf89415c6bc5272b994f86a,False,False,Specified list/source evidence; no unsupported complete-edition absence claim,HOLD restoration pending identification/adjudication of the governing transcription; do not choose variants silently.,HIGH_EXISTENCE_UNSETTLED_READING,"Fourteen manuscript capitula paragraphs survive upstream; current chapter zero retains only the introductory formula. Word/HTML readings differ: ihesus / iehsus, chananeos / chananaeos, tribubus / tribubs."
Antiquities,6,Bamberg 78,Latin,NOT_YET_VERIFIED,ant-latin-word-6; ant-polyglot-html-6,NO_SOURCE_CONTENTS_BLOCK_IN_THIS_BOOK_XML,assets/xml/antiquities/Latin/book-06.xml,0530b09e424f03664ca77f115a678da582137ee8745bf244086954b814ea1532,False,False,Specified list/source evidence; no unsupported complete-edition absence claim,Verify complete authoritative source paratext; do not synthesize a list.,UNCERTAIN_SOURCE_AVAILABILITY,"Current and inspected earlier project material do not furnish an attested list here. Titles, duration summaries and HAEC SUNT formulas without entries are not reconstructed as TOCs. Complete source paratext remains to be verified."
Antiquities,7,Bamberg 78,Latin,NOT_YET_VERIFIED,ant-latin-word-7; ant-polyglot-html-7,NO_SOURCE_CONTENTS_BLOCK_IN_THIS_BOOK_XML,assets/xml/antiquities/Latin/book-07.xml,007c55e567380452339dd579748bd40543897bf9d8dec7bb20c7cbafe19b6a3e,False,False,Specified list/source evidence; no unsupported complete-edition absence claim,Verify complete authoritative source paratext; do not synthesize a list.,UNCERTAIN_SOURCE_AVAILABILITY,"Current and inspected earlier project material do not furnish an attested list here. Titles, duration summaries and HAEC SUNT formulas without entries are not reconstructed as TOCs. Complete source paratext remains to be verified."
Antiquities,8,Bamberg 78,Latin,NOT_YET_VERIFIED,ant-latin-word-8; ant-polyglot-html-8,NO_SOURCE_CONTENTS_BLOCK_IN_THIS_BOOK_XML,assets/xml/antiquities/Latin/book-08.xml,7a94c61dc00d61c683953451c575e8166be03699510f1c7d563c2c5b74edfe5f,False,False,Specified list/source evidence; no unsupported complete-edition absence claim,Verify complete authoritative source paratext; do not synthesize a list.,UNCERTAIN_SOURCE_AVAILABILITY,"Current and inspected earlier project material do not furnish an attested list here. Titles, duration summaries and HAEC SUNT formulas without entries are not reconstructed as TOCs. Complete source paratext remains to be verified."
Antiquities,9,Bamberg 78,Latin,NOT_YET_VERIFIED,ant-latin-tpen-9,NO_SOURCE_CONTENTS_BLOCK_IN_THIS_BOOK_XML,assets/xml/antiquities/Latin/book-09.xml,80fcbd3c94d84b34eb77fc1cf357f7a07d43d5570f985baa992e02d67aa91440,False,False,Specified list/source evidence; no unsupported complete-edition absence claim,Verify complete authoritative source paratext; do not synthesize a list.,UNCERTAIN_SOURCE_AVAILABILITY,"Current and inspected earlier project material do not furnish an attested list here. Titles, duration summaries and HAEC SUNT formulas without entries are not reconstructed as TOCs. Complete source paratext remains to be verified."
Antiquities,10,Bamberg 78,Latin,NOT_YET_VERIFIED,ant-latin-tpen-10,NO_SOURCE_CONTENTS_BLOCK_IN_THIS_BOOK_XML,assets/xml/antiquities/Latin/book-10.xml,e1f56d981c25bdf2f6f53842d8e624bc8e3fae22de4c4eed1dcd35ce4ce1872c,False,False,Specified list/source evidence; no unsupported complete-edition absence claim,Verify complete authoritative source paratext; do not synthesize a list.,UNCERTAIN_SOURCE_AVAILABILITY,"Current and inspected earlier project material do not furnish an attested list here. Titles, duration summaries and HAEC SUNT formulas without entries are not reconstructed as TOCs. Complete source paratext remains to be verified."
Antiquities,11,Bamberg 78,Latin,NOT_YET_VERIFIED,ant-latin-tpen-11; ant-polyglot-html-11,NO_SOURCE_CONTENTS_BLOCK_IN_THIS_BOOK_XML,assets/xml/antiquities/Latin/book-11.xml,5595739cd16e6d87357b25ae114f1a22b1fc70066eb532b465d401b84414464f,False,False,Specified list/source evidence; no unsupported complete-edition absence claim,Verify complete authoritative source paratext; do not synthesize a list.,UNCERTAIN_SOURCE_AVAILABILITY,"Current and inspected earlier project material do not furnish an attested list here. Titles, duration summaries and HAEC SUNT formulas without entries are not reconstructed as TOCs. Complete source paratext remains to be verified."
Antiquities,12,Bamberg 78,Latin,NOT_YET_VERIFIED,ant-latin-tpen-12,NO_SOURCE_CONTENTS_BLOCK_IN_THIS_BOOK_XML,assets/xml/antiquities/Latin/book-12.xml,ea4e2251b81a1bfa202eecfe7f78a054464386621001093cc2e1099c5c29e41a,False,False,Specified list/source evidence; no unsupported complete-edition absence claim,Verify complete authoritative source paratext; do not synthesize a list.,UNCERTAIN_SOURCE_AVAILABILITY,"Current and inspected earlier project material do not furnish an attested list here. Titles, duration summaries and HAEC SUNT formulas without entries are not reconstructed as TOCs. Complete source paratext remains to be verified."
Antiquities,13,Bamberg 78,Latin,PRESENT_IN_PRODUCTION,assets/xml/antiquities/Latin/book-13.xml; ant-latin-tpen-13,SOURCE_CONTENTS_BLOCK_PRESENT,assets/xml/antiquities/Latin/book-13.xml,c5da61cc5d0539e68308b1e001980fd279dbeba95d2c5cfc64d4602bb1dd43e5,True,False,Specified list/source evidence; no unsupported complete-edition absence claim,Display preserved capitula; keep transcription holds and source grouping.,HIGH_CURRENT_ENCODING,Explicit INCIPIUNT CAPITULA list in production. Paragraph grouping is not normalized into navigation entries.
Antiquities,14,Bamberg 78,Latin,PRESENT_IN_PRODUCTION,assets/xml/antiquities/Latin/book-14.xml; ant-latin-tpen-14; latin-xiv-existing-hold,SOURCE_CONTENTS_BLOCK_PRESENT,assets/xml/antiquities/Latin/book-14.xml,931157718997a35a84951ecebabae6813526c66250fa4f791bd338748fbf62f6,True,False,Specified list/source evidence; no unsupported complete-edition absence claim,Display preserved capitula; keep transcription holds and source grouping.,HIGH_CURRENT_ENCODING,"Explicit INCIPIUNT CAPITULA list in production. Paragraph grouping is not normalized into navigation entries. SR-061 holds paragraph 4, which mixes contents and Herodian narrative; do not adjudicate, move, delete or subdivide it."
Antiquities,15,Bamberg 78,Latin,PRESENT_IN_PRODUCTION,assets/xml/antiquities/Latin/book-15.xml; ant-latin-tpen-15,SOURCE_CONTENTS_BLOCK_PRESENT,assets/xml/antiquities/Latin/book-15.xml,9cf8311568bb98aec57ee5dd6ef1ef93a8acb251c011dab18ffe45c65a3332c8,True,False,Specified list/source evidence; no unsupported complete-edition absence claim,Display preserved capitula; keep transcription holds and source grouping.,HIGH_CURRENT_ENCODING,Explicit INCIPIUNT CAPITULA list in production. Paragraph grouping is not normalized into navigation entries.
Antiquities,16,Bamberg 78,Latin,PRESENT_IN_PRODUCTION,assets/xml/antiquities/Latin/book-16.xml; ant-latin-tpen-16,SOURCE_CONTENTS_BLOCK_PRESENT,assets/xml/antiquities/Latin/book-16.xml,293902ffb33d2d958235225200ee37d421b30d727bd4483bac0e05c4c2455993,True,False,Specified list/source evidence; no unsupported complete-edition absence claim,Display preserved capitula; keep transcription holds and source grouping.,HIGH_CURRENT_ENCODING,Explicit INCIPIUNT CAPITULA list in production. Paragraph grouping is not normalized into navigation entries.
Antiquities,17,Bamberg 78,Latin,PRESENT_IN_PRODUCTION,assets/xml/antiquities/Latin/book-17.xml; ant-latin-tpen-17,SOURCE_CONTENTS_BLOCK_PRESENT,assets/xml/antiquities/Latin/book-17.xml,a2c5ac4398551eaab0880d575f8c4272883064ef38013422ad5e2eecdb7e46b6,True,False,Specified list/source evidence; no unsupported complete-edition absence claim,Display preserved capitula; keep transcription holds and source grouping.,HIGH_CURRENT_ENCODING,Explicit INCIPIUNT CAPITULA list in production. Paragraph grouping is not normalized into navigation entries.
Antiquities,18,Bamberg 78,Latin,PRESENT_IN_PRODUCTION,assets/xml/antiquities/Latin/book-18.xml; ant-latin-tpen-18,SOURCE_CONTENTS_BLOCK_PRESENT,assets/xml/antiquities/Latin/book-18.xml,349ccf8751a0279c0a1f9836dd482a39698f7e3970d7018627c0d227c27dc8e3,True,False,Specified list/source evidence; no unsupported complete-edition absence claim,Display preserved capitula; keep transcription holds and source grouping.,HIGH_CURRENT_ENCODING,Explicit INCIPIUNT CAPITULA list in production. Paragraph grouping is not normalized into navigation entries.
Antiquities,19,Bamberg 78,Latin,PRESENT_IN_PRODUCTION,assets/xml/antiquities/Latin/book-19.xml; ant-latin-tpen-19,SOURCE_CONTENTS_BLOCK_PRESENT,assets/xml/antiquities/Latin/book-19.xml,ab1c28f03e1a5893057262edfc117b63a1d46ce0b20bb803fb4e1903db439e80,True,False,Specified list/source evidence; no unsupported complete-edition absence claim,Display preserved capitula; keep transcription holds and source grouping.,HIGH_CURRENT_ENCODING,Explicit INCIPIUNT CAPITULA list in production. Paragraph grouping is not normalized into navigation entries.
Antiquities,20,Bamberg 78,Latin,PRESENT_IN_PRODUCTION,assets/xml/antiquities/Latin/book-20.xml; ant-latin-tpen-20,SOURCE_CONTENTS_BLOCK_PRESENT,assets/xml/antiquities/Latin/book-20.xml,683ee52477cc21c6c9b68ef939696c4fb54b900e80f3774a3481f4e73837e282,True,False,Specified list/source evidence; no unsupported complete-edition absence claim,Display preserved capitula; keep transcription holds and source grouping.,HIGH_CURRENT_ENCODING,Explicit INCIPIUNT CAPITULA list in production. Paragraph grouping is not normalized into navigation entries.
Antiquities,1,Whiston,English,NOT_YET_VERIFIED,antiquities-whiston-digital-candidate,NO_SOURCE_CONTENTS_BLOCK_IN_THIS_BOOK_XML,assets/xml/antiquities/English/book-01.xml,6b695035845cecbe34fcc8c0bf6ffc000945938e9fd9cfe0e1306d3b11665420,False,False,Specified list/source evidence; no unsupported complete-edition absence claim,HOLD: identify actual Whiston source edition / preparation master and establish whether the list is source paratext or added digital navigation.,UNCERTAIN_SOURCE_AVAILABILITY,Gutenberg candidate has linked CONTENTS; print provenance and original preparation policy are unestablished. Production absence is not source absence.
Antiquities,2,Whiston,English,NOT_YET_VERIFIED,antiquities-whiston-digital-candidate,NO_SOURCE_CONTENTS_BLOCK_IN_THIS_BOOK_XML,assets/xml/antiquities/English/book-02.xml,a1d9d3332dcff8626712ea391cbccb53defc53e5aeda1a73b9a0d6a906f388f5,False,False,Specified list/source evidence; no unsupported complete-edition absence claim,HOLD: identify actual Whiston source edition / preparation master and establish whether the list is source paratext or added digital navigation.,UNCERTAIN_SOURCE_AVAILABILITY,Gutenberg candidate has linked CONTENTS; print provenance and original preparation policy are unestablished. Production absence is not source absence.
Antiquities,3,Whiston,English,NOT_YET_VERIFIED,antiquities-whiston-digital-candidate,NO_SOURCE_CONTENTS_BLOCK_IN_THIS_BOOK_XML,assets/xml/antiquities/English/book-03.xml,e3b1efaaf1c39dcd0f7db8b546217a58f065b9193caf6bf882f14c207c03a00c,False,False,Specified list/source evidence; no unsupported complete-edition absence claim,HOLD: identify actual Whiston source edition / preparation master and establish whether the list is source paratext or added digital navigation.,UNCERTAIN_SOURCE_AVAILABILITY,Gutenberg candidate has linked CONTENTS; print provenance and original preparation policy are unestablished. Production absence is not source absence.
Antiquities,4,Whiston,English,NOT_YET_VERIFIED,antiquities-whiston-digital-candidate,NO_SOURCE_CONTENTS_BLOCK_IN_THIS_BOOK_XML,assets/xml/antiquities/English/book-04.xml,f1e9d1ce4f59081e59337c7fcc9cec02b4f2f039223c5a54e53bddee492a23d1,False,False,Specified list/source evidence; no unsupported complete-edition absence claim,HOLD: identify actual Whiston source edition / preparation master and establish whether the list is source paratext or added digital navigation.,UNCERTAIN_SOURCE_AVAILABILITY,Gutenberg candidate has linked CONTENTS; print provenance and original preparation policy are unestablished. Production absence is not source absence.
Antiquities,5,Whiston,English,NOT_YET_VERIFIED,antiquities-whiston-digital-candidate; ant-polyglot-html-5; ant-latin-word-5,SOURCE_CONTENTS_BLOCK_PRESENT,assets/xml/antiquities/English/book-05.xml,cca24f0c1ad890a0495092a4c529084f51d525c4a56140cfd6b08289f9f6c945,True,False,Specified list/source evidence; no unsupported complete-edition absence claim,HOLD: identify actual Whiston source edition / preparation master and establish whether the list is source paratext or added digital navigation.,UNCERTAIN_SOURCE_AVAILABILITY,Production has eleven CHAPTER-summary paragraphs before narrative. Source-print status remains unverified; archived project table and Gutenberg candidate also contain this list.
Antiquities,6,Whiston,English,NOT_YET_VERIFIED,antiquities-whiston-digital-candidate,NO_SOURCE_CONTENTS_BLOCK_IN_THIS_BOOK_XML,assets/xml/antiquities/English/book-06.xml,a4770771856d20c9aefa64983adb064ad9c15889b57613d807e7117794198f14,False,False,Specified list/source evidence; no unsupported complete-edition absence claim,HOLD: identify actual Whiston source edition / preparation master and establish whether the list is source paratext or added digital navigation.,UNCERTAIN_SOURCE_AVAILABILITY,Gutenberg candidate has linked CONTENTS; print provenance and original preparation policy are unestablished. Production absence is not source absence.
Antiquities,7,Whiston,English,NOT_YET_VERIFIED,antiquities-whiston-digital-candidate,NO_SOURCE_CONTENTS_BLOCK_IN_THIS_BOOK_XML,assets/xml/antiquities/English/book-07.xml,48707b448f1d424ddcbf7e464dbbbceef279629a3ea3030702b042e7e4233cf7,False,False,Specified list/source evidence; no unsupported complete-edition absence claim,HOLD: identify actual Whiston source edition / preparation master and establish whether the list is source paratext or added digital navigation.,UNCERTAIN_SOURCE_AVAILABILITY,Gutenberg candidate has linked CONTENTS; print provenance and original preparation policy are unestablished. Production absence is not source absence.
Antiquities,8,Whiston,English,NOT_YET_VERIFIED,antiquities-whiston-digital-candidate,NO_SOURCE_CONTENTS_BLOCK_IN_THIS_BOOK_XML,assets/xml/antiquities/English/book-08.xml,ab5018bcecc4b2933a5061311e21810548a6ef8ce5ccd09f9a3da5268ca50472,False,False,Specified list/source evidence; no unsupported complete-edition absence claim,HOLD: identify actual Whiston source edition / preparation master and establish whether the list is source paratext or added digital navigation.,UNCERTAIN_SOURCE_AVAILABILITY,Gutenberg candidate has linked CONTENTS; print provenance and original preparation policy are unestablished. Production absence is not source absence.
Antiquities,9,Whiston,English,NOT_YET_VERIFIED,antiquities-whiston-digital-candidate,NO_SOURCE_CONTENTS_BLOCK_IN_THIS_BOOK_XML,assets/xml/antiquities/English/book-09.xml,515c8ee6a9611f1333d51bb6a04361e8f4168a4f3c197faef23db58f361bd587,False,False,Specified list/source evidence; no unsupported complete-edition absence claim,HOLD: identify actual Whiston source edition / preparation master and establish whether the list is source paratext or added digital navigation.,UNCERTAIN_SOURCE_AVAILABILITY,Gutenberg candidate has linked CONTENTS; print provenance and original preparation policy are unestablished. Production absence is not source absence.
Antiquities,10,Whiston,English,NOT_YET_VERIFIED,antiquities-whiston-digital-candidate,NO_SOURCE_CONTENTS_BLOCK_IN_THIS_BOOK_XML,assets/xml/antiquities/English/book-10.xml,1e70950fd9d2500795c401b37b7d49fa560d3f0fd90270b11915bccd718faccf,False,False,Specified list/source evidence; no unsupported complete-edition absence claim,HOLD: identify actual Whiston source edition / preparation master and establish whether the list is source paratext or added digital navigation.,UNCERTAIN_SOURCE_AVAILABILITY,Gutenberg candidate has linked CONTENTS; print provenance and original preparation policy are unestablished. Production absence is not source absence.
Antiquities,11,Whiston,English,NOT_YET_VERIFIED,antiquities-whiston-digital-candidate,NO_SOURCE_CONTENTS_BLOCK_IN_THIS_BOOK_XML,assets/xml/antiquities/English/book-11.xml,2273fecb032b0df11ba3f79857ea8ce59f681ee2a3595583d46ccfee3096f9fc,False,False,Specified list/source evidence; no unsupported complete-edition absence claim,HOLD: identify actual Whiston source edition / preparation master and establish whether the list is source paratext or added digital navigation.,UNCERTAIN_SOURCE_AVAILABILITY,Gutenberg candidate has linked CONTENTS; print provenance and original preparation policy are unestablished. Production absence is not source absence.
Antiquities,12,Whiston,English,NOT_YET_VERIFIED,antiquities-whiston-digital-candidate,NO_SOURCE_CONTENTS_BLOCK_IN_THIS_BOOK_XML,assets/xml/antiquities/English/book-12.xml,d5cee95948e272e04c624808c299588c7fb67c31988b686afd547c73597bbcea,False,False,Specified list/source evidence; no unsupported complete-edition absence claim,HOLD: identify actual Whiston source edition / preparation master and establish whether the list is source paratext or added digital navigation.,UNCERTAIN_SOURCE_AVAILABILITY,Gutenberg candidate has linked CONTENTS; print provenance and original preparation policy are unestablished. Production absence is not source absence.
Antiquities,13,Whiston,English,NOT_YET_VERIFIED,antiquities-whiston-digital-candidate,NO_SOURCE_CONTENTS_BLOCK_IN_THIS_BOOK_XML,assets/xml/antiquities/English/book-13.xml,dde487853b9343930725df87e957a36b09bcf4a9e94468f2a3d1bc80d3401b6d,False,False,Specified list/source evidence; no unsupported complete-edition absence claim,HOLD: identify actual Whiston source edition / preparation master and establish whether the list is source paratext or added digital navigation.,UNCERTAIN_SOURCE_AVAILABILITY,Gutenberg candidate has linked CONTENTS; print provenance and original preparation policy are unestablished. Production absence is not source absence.
Antiquities,14,Whiston,English,NOT_YET_VERIFIED,antiquities-whiston-digital-candidate,NO_SOURCE_CONTENTS_BLOCK_IN_THIS_BOOK_XML,assets/xml/antiquities/English/book-14.xml,f342c46cfdcf4b22d1c9f4fa423295077538c51917b570a321e5df1f8d9e24e9,False,False,Specified list/source evidence; no unsupported complete-edition absence claim,HOLD: identify actual Whiston source edition / preparation master and establish whether the list is source paratext or added digital navigation.,UNCERTAIN_SOURCE_AVAILABILITY,Gutenberg candidate has linked CONTENTS; print provenance and original preparation policy are unestablished. Production absence is not source absence.
Antiquities,15,Whiston,English,NOT_YET_VERIFIED,antiquities-whiston-digital-candidate,NO_SOURCE_CONTENTS_BLOCK_IN_THIS_BOOK_XML,assets/xml/antiquities/English/book-15.xml,9f307e78e2c2f9a03335342fb1176620f6328793c379fb81d58b12164a383324,False,False,Specified list/source evidence; no unsupported complete-edition absence claim,HOLD: identify actual Whiston source edition / preparation master and establish whether the list is source paratext or added digital navigation.,UNCERTAIN_SOURCE_AVAILABILITY,Gutenberg candidate has linked CONTENTS; print provenance and original preparation policy are unestablished. Production absence is not source absence.
Antiquities,16,Whiston,English,NOT_YET_VERIFIED,antiquities-whiston-digital-candidate,NO_SOURCE_CONTENTS_BLOCK_IN_THIS_BOOK_XML,assets/xml/antiquities/English/book-16.xml,ab5725b8202b800e9b13b0003f18a71eca2e5d1dfd94bed3d3271b3cbb72f92a,False,False,Specified list/source evidence; no unsupported complete-edition absence claim,HOLD: identify actual Whiston source edition / preparation master and establish whether the list is source paratext or added digital navigation.,UNCERTAIN_SOURCE_AVAILABILITY,Gutenberg candidate has linked CONTENTS; print provenance and original preparation policy are unestablished. Production absence is not source absence.
Antiquities,17,Whiston,English,NOT_YET_VERIFIED,antiquities-whiston-digital-candidate,NO_SOURCE_CONTENTS_BLOCK_IN_THIS_BOOK_XML,assets/xml/antiquities/English/book-17.xml,a235d02f6d8af17961a124c417e3d9e2393f760442facf7963db47a1c7d9d96c,False,False,Specified list/source evidence; no unsupported complete-edition absence claim,HOLD: identify actual Whiston source edition / preparation master and establish whether the list is source paratext or added digital navigation.,UNCERTAIN_SOURCE_AVAILABILITY,Gutenberg candidate has linked CONTENTS; print provenance and original preparation policy are unestablished. Production absence is not source absence.
Antiquities,18,Whiston,English,NOT_YET_VERIFIED,antiquities-whiston-digital-candidate,NO_SOURCE_CONTENTS_BLOCK_IN_THIS_BOOK_XML,assets/xml/antiquities/English/book-18.xml,306c69b86d7effe2f4b92d7a112cdb8e15563e0422c8f413c491bbdc1cd241b3,False,False,Specified list/source evidence; no unsupported complete-edition absence claim,HOLD: identify actual Whiston source edition / preparation master and establish whether the list is source paratext or added digital navigation.,UNCERTAIN_SOURCE_AVAILABILITY,Gutenberg candidate has linked CONTENTS; print provenance and original preparation policy are unestablished. Production absence is not source absence.
Antiquities,19,Whiston,English,NOT_YET_VERIFIED,antiquities-whiston-digital-candidate,NO_SOURCE_CONTENTS_BLOCK_IN_THIS_BOOK_XML,assets/xml/antiquities/English/book-19.xml,73186a567afaadbc036055fca04808e3041843833bf2ec86b2898c1e1f47b605,False,False,Specified list/source evidence; no unsupported complete-edition absence claim,HOLD: identify actual Whiston source edition / preparation master and establish whether the list is source paratext or added digital navigation.,UNCERTAIN_SOURCE_AVAILABILITY,Gutenberg candidate has linked CONTENTS; print provenance and original preparation policy are unestablished. Production absence is not source absence.
Antiquities,20,Whiston,English,NOT_YET_VERIFIED,antiquities-whiston-digital-candidate,NO_SOURCE_CONTENTS_BLOCK_IN_THIS_BOOK_XML,assets/xml/antiquities/English/book-20.xml,7d0813df000bab366ee8d785cdd154fd509db7428b7774739185cd83194cec34,False,False,Specified list/source evidence; no unsupported complete-edition absence claim,HOLD: identify actual Whiston source edition / preparation master and establish whether the list is source paratext or added digital navigation.,UNCERTAIN_SOURCE_AVAILABILITY,Gutenberg candidate has linked CONTENTS; print provenance and original preparation policy are unestablished. Production absence is not source absence.
Bellum Judaicum,1,Niese,Greek,NOT_YET_VERIFIED,,NO_SOURCE_CONTENTS_BLOCK_IN_THIS_BOOK_XML,assets/xml/bellum/Greek/book-01.xml,d58bd11884c2e8742e2ee8d585d6a5e8740d1624ccf6fad41c37811427c45969,False,False,Specified list/source evidence; no unsupported complete-edition absence claim,Verify complete authoritative source paratext; do not synthesize a list.,UNCERTAIN_SOURCE_AVAILABILITY,No source contents list found in current XML. Source-level absence has not been established.
Bellum Judaicum,2,Niese,Greek,NOT_YET_VERIFIED,,NO_SOURCE_CONTENTS_BLOCK_IN_THIS_BOOK_XML,assets/xml/bellum/Greek/book-02.xml,bbd99e5aa819f485df14680242948da6bffe8dd5ff3fd127d9467d399d7d7f64,False,False,Specified list/source evidence; no unsupported complete-edition absence claim,Verify complete authoritative source paratext; do not synthesize a list.,UNCERTAIN_SOURCE_AVAILABILITY,No source contents list found in current XML. Source-level absence has not been established.
Bellum Judaicum,3,Niese,Greek,NOT_YET_VERIFIED,,NO_SOURCE_CONTENTS_BLOCK_IN_THIS_BOOK_XML,assets/xml/bellum/Greek/book-03.xml,55a7b2d4d1be28b40e52097b2f8a92025a643a7cea3a84a77853a45e8a2d443c,False,False,Specified list/source evidence; no unsupported complete-edition absence claim,Verify complete authoritative source paratext; do not synthesize a list.,UNCERTAIN_SOURCE_AVAILABILITY,No source contents list found in current XML. Source-level absence has not been established.
Bellum Judaicum,4,Niese,Greek,NOT_YET_VERIFIED,,NO_SOURCE_CONTENTS_BLOCK_IN_THIS_BOOK_XML,assets/xml/bellum/Greek/book-04.xml,a3ae25b99ca75509401f95fc3405341e6c1c882f2d2e3dbec366a1f6dbdebaf9,False,False,Specified list/source evidence; no unsupported complete-edition absence claim,Verify complete authoritative source paratext; do not synthesize a list.,UNCERTAIN_SOURCE_AVAILABILITY,No source contents list found in current XML. Source-level absence has not been established.
Bellum Judaicum,5,Niese,Greek,NOT_YET_VERIFIED,,NO_SOURCE_CONTENTS_BLOCK_IN_THIS_BOOK_XML,assets/xml/bellum/Greek/book-05.xml,520db5852f3e0299413b2db9a9071c61d4912495c3a06a99198a3c174ca97d9b,False,False,Specified list/source evidence; no unsupported complete-edition absence claim,Verify complete authoritative source paratext; do not synthesize a list.,UNCERTAIN_SOURCE_AVAILABILITY,No source contents list found in current XML. Source-level absence has not been established.
Bellum Judaicum,6,Niese,Greek,NOT_YET_VERIFIED,,NO_SOURCE_CONTENTS_BLOCK_IN_THIS_BOOK_XML,assets/xml/bellum/Greek/book-06.xml,9380e9d4f6744467a4cd935cb1f6f4501c14283a13a02879564564aa45399b25,False,False,Specified list/source evidence; no unsupported complete-edition absence claim,Verify complete authoritative source paratext; do not synthesize a list.,UNCERTAIN_SOURCE_AVAILABILITY,No source contents list found in current XML. Source-level absence has not been established.
Bellum Judaicum,7,Niese,Greek,NOT_YET_VERIFIED,,NO_SOURCE_CONTENTS_BLOCK_IN_THIS_BOOK_XML,assets/xml/bellum/Greek/book-07.xml,9b18443363cdef6d252d7d5382f868e7f66318702e0e80554311832cc25a5cc5,False,False,Specified list/source evidence; no unsupported complete-edition absence claim,Verify complete authoritative source paratext; do not synthesize a list.,UNCERTAIN_SOURCE_AVAILABILITY,No source contents list found in current XML. Source-level absence has not been established.
Bellum Judaicum,1,Cardwell (1837),Latin,NOT_YET_VERIFIED,cardwell-ocr; cardwell-corrected; cardwell-html-1,NO_SOURCE_CONTENTS_BLOCK_IN_THIS_BOOK_XML,assets/xml/bellum/Latin/book-01.xml,24277e94089fd25c403662c01e104f0c6a437d5c0f125a21624651bd20e87240,False,False,Specified list/source evidence; no unsupported complete-edition absence claim,Verify complete authoritative source paratext; do not synthesize a list.,UNCERTAIN_SOURCE_AVAILABILITY,Current and local merged running-text transcriptions have no verified separate contents list. These exports do not establish complete printed front matter.
Bellum Judaicum,2,Cardwell (1837),Latin,NOT_YET_VERIFIED,cardwell-ocr; cardwell-corrected; cardwell-html-2,NO_SOURCE_CONTENTS_BLOCK_IN_THIS_BOOK_XML,assets/xml/bellum/Latin/book-02.xml,6fd44eee69db8481d9f48680669c359c13b287144ae85584e7666b72b1da4b09,False,False,Specified list/source evidence; no unsupported complete-edition absence claim,Verify complete authoritative source paratext; do not synthesize a list.,UNCERTAIN_SOURCE_AVAILABILITY,Current and local merged running-text transcriptions have no verified separate contents list. These exports do not establish complete printed front matter.
Bellum Judaicum,3,Cardwell (1837),Latin,NOT_YET_VERIFIED,cardwell-ocr; cardwell-corrected; cardwell-html-3,NO_SOURCE_CONTENTS_BLOCK_IN_THIS_BOOK_XML,assets/xml/bellum/Latin/book-03.xml,3b3a5351b63f54acbff136b431d2c1a62a7c24237de0a32f1b91ad6c5029ff49,False,False,Specified list/source evidence; no unsupported complete-edition absence claim,Verify complete authoritative source paratext; do not synthesize a list.,UNCERTAIN_SOURCE_AVAILABILITY,Current and local merged running-text transcriptions have no verified separate contents list. These exports do not establish complete printed front matter.
Bellum Judaicum,4,Cardwell (1837),Latin,NOT_YET_VERIFIED,cardwell-ocr; cardwell-corrected; cardwell-html-4,NO_SOURCE_CONTENTS_BLOCK_IN_THIS_BOOK_XML,assets/xml/bellum/Latin/book-04.xml,8726a4d8d2408f45cf509301da0960881ed61f5699eb03f38052e87eb6bc6e98,False,False,Specified list/source evidence; no unsupported complete-edition absence claim,Verify complete authoritative source paratext; do not synthesize a list.,UNCERTAIN_SOURCE_AVAILABILITY,Current and local merged running-text transcriptions have no verified separate contents list. These exports do not establish complete printed front matter.
Bellum Judaicum,5,Cardwell (1837),Latin,NOT_YET_VERIFIED,cardwell-ocr; cardwell-corrected; cardwell-html-5,NO_SOURCE_CONTENTS_BLOCK_IN_THIS_BOOK_XML,assets/xml/bellum/Latin/book-05.xml,b710d8acb392063cfbe3f4730ded533a38737085167cf60edacf8622bb08bd31,False,False,Specified list/source evidence; no unsupported complete-edition absence claim,Verify complete authoritative source paratext; do not synthesize a list.,UNCERTAIN_SOURCE_AVAILABILITY,Current and local merged running-text transcriptions have no verified separate contents list. These exports do not establish complete printed front matter.
Bellum Judaicum,6,Cardwell (1837),Latin,NOT_YET_VERIFIED,cardwell-ocr; cardwell-corrected; cardwell-html-6,NO_SOURCE_CONTENTS_BLOCK_IN_THIS_BOOK_XML,assets/xml/bellum/Latin/book-06.xml,a93c32f5aa6b2254abb3783a23e2529bec47ae0b1f878d7582c5c34411a4e46b,False,False,Specified list/source evidence; no unsupported complete-edition absence claim,Verify complete authoritative source paratext; do not synthesize a list.,UNCERTAIN_SOURCE_AVAILABILITY,Current and local merged running-text transcriptions have no verified separate contents list. These exports do not establish complete printed front matter.
Bellum Judaicum,7,Cardwell (1837),Latin,NOT_YET_VERIFIED,cardwell-ocr; cardwell-corrected; cardwell-html-7,NO_SOURCE_CONTENTS_BLOCK_IN_THIS_BOOK_XML,assets/xml/bellum/Latin/book-07.xml,c9c5cc7988aab7bfd453db3901f601dc8942a9fa1a2ac5011c6c474b624e5042,False,False,Specified list/source evidence; no unsupported complete-edition absence claim,Verify complete authoritative source paratext; do not synthesize a list.,UNCERTAIN_SOURCE_AVAILABILITY,Current and local merged running-text transcriptions have no verified separate contents list. These exports do not establish complete printed front matter.
Bellum Judaicum,1,Whiston,English,NOT_YET_VERIFIED,bellum-whiston-control; bellum-whiston-provenance,NO_SOURCE_CONTENTS_BLOCK_IN_THIS_BOOK_XML,assets/xml/bellum/English/book-01.xml,39713b6768eef8e7d6ac9640255eacd962ac9677175fbc05077aafe296a1b5ec,False,False,Specified list/source evidence; no unsupported complete-edition absence claim,HOLD restoration: supply actual English preparation source or complete identified Whiston contents pages. Do not collect in-text headings.,UNCERTAIN_SOURCE_AVAILABILITY,Pinned Perseus control has book/chapter heads but no separate contents list. Frozen provenance makes supplied production XML the textual base and Perseus an external control. Complete print contents/preparation source not recovered.
Bellum Judaicum,2,Whiston,English,NOT_YET_VERIFIED,bellum-whiston-control; bellum-whiston-provenance,NO_SOURCE_CONTENTS_BLOCK_IN_THIS_BOOK_XML,assets/xml/bellum/English/book-02.xml,52c0e14514dc6ba6942a2ff98e5a87c96122f117fe0122f112b697cbfc12f941,False,False,Specified list/source evidence; no unsupported complete-edition absence claim,HOLD restoration: supply actual English preparation source or complete identified Whiston contents pages. Do not collect in-text headings.,UNCERTAIN_SOURCE_AVAILABILITY,Pinned Perseus control has book/chapter heads but no separate contents list. Frozen provenance makes supplied production XML the textual base and Perseus an external control. Complete print contents/preparation source not recovered.
Bellum Judaicum,3,Whiston,English,NOT_YET_VERIFIED,bellum-whiston-control; bellum-whiston-provenance,NO_SOURCE_CONTENTS_BLOCK_IN_THIS_BOOK_XML,assets/xml/bellum/English/book-03.xml,ced7460be53bc6f7f94e4a842f9a3c3f28624cdaaced38d433acf2f4dd3d0cd2,False,False,Specified list/source evidence; no unsupported complete-edition absence claim,HOLD restoration: supply actual English preparation source or complete identified Whiston contents pages. Do not collect in-text headings.,UNCERTAIN_SOURCE_AVAILABILITY,Pinned Perseus control has book/chapter heads but no separate contents list. Frozen provenance makes supplied production XML the textual base and Perseus an external control. Complete print contents/preparation source not recovered.
Bellum Judaicum,4,Whiston,English,NOT_YET_VERIFIED,bellum-whiston-control; bellum-whiston-provenance,NO_SOURCE_CONTENTS_BLOCK_IN_THIS_BOOK_XML,assets/xml/bellum/English/book-04.xml,b5b299ee96671784527fc1edef4777e5a766e6f9496fcfb63470874c71824c96,False,False,Specified list/source evidence; no unsupported complete-edition absence claim,HOLD restoration: supply actual English preparation source or complete identified Whiston contents pages. Do not collect in-text headings.,UNCERTAIN_SOURCE_AVAILABILITY,Pinned Perseus control has book/chapter heads but no separate contents list. Frozen provenance makes supplied production XML the textual base and Perseus an external control. Complete print contents/preparation source not recovered.
Bellum Judaicum,5,Whiston,English,NOT_YET_VERIFIED,bellum-whiston-control; bellum-whiston-provenance,NO_SOURCE_CONTENTS_BLOCK_IN_THIS_BOOK_XML,assets/xml/bellum/English/book-05.xml,5a6647478976c860b7fb771b058b4af34181eff8201d502f037f0610ca536ee7,False,False,Specified list/source evidence; no unsupported complete-edition absence claim,HOLD restoration: supply actual English preparation source or complete identified Whiston contents pages. Do not collect in-text headings.,UNCERTAIN_SOURCE_AVAILABILITY,Pinned Perseus control has book/chapter heads but no separate contents list. Frozen provenance makes supplied production XML the textual base and Perseus an external control. Complete print contents/preparation source not recovered.
Bellum Judaicum,6,Whiston,English,NOT_YET_VERIFIED,bellum-whiston-control; bellum-whiston-provenance,NO_SOURCE_CONTENTS_BLOCK_IN_THIS_BOOK_XML,assets/xml/bellum/English/book-06.xml,edf957eb0501feebbe595f44703c2caa185c9acb6d28efbe69875f3aaa8b2799,False,False,Specified list/source evidence; no unsupported complete-edition absence claim,HOLD restoration: supply actual English preparation source or complete identified Whiston contents pages. Do not collect in-text headings.,UNCERTAIN_SOURCE_AVAILABILITY,Pinned Perseus control has book/chapter heads but no separate contents list. Frozen provenance makes supplied production XML the textual base and Perseus an external control. Complete print contents/preparation source not recovered.
Bellum Judaicum,7,Whiston,English,NOT_YET_VERIFIED,bellum-whiston-control; bellum-whiston-provenance,NO_SOURCE_CONTENTS_BLOCK_IN_THIS_BOOK_XML,assets/xml/bellum/English/book-07.xml,2d2c308a500711fddad5cc7ba436f59c38890dd4988f6f5b505817e04e5b200b,False,False,Specified list/source evidence; no unsupported complete-edition absence claim,HOLD restoration: supply actual English preparation source or complete identified Whiston contents pages. Do not collect in-text headings.,UNCERTAIN_SOURCE_AVAILABILITY,Pinned Perseus control has book/chapter heads but no separate contents list. Frozen provenance makes supplied production XML the textual base and Perseus an external control. Complete print contents/preparation source not recovered.
Bellum Judaicum,1,Lodge (1602),English,PRESENT_IN_PRODUCTION,lodge-tcp,SOURCE_CONTENTS_BLOCK_PRESENT,assets/xml/bellum/English/Lodge1602/book-01.xml,342ee56b5ecfbc92750e2a7e938222cd1eca14a60760bae80cce641a616f1119,True,False,Specified list/source evidence; no unsupported complete-edition absence claim,"Reuse complete existing source list(s), identifying printed-book scope; no segmentation or source-text restoration.",HIGH_FROZEN_SOURCE_TEXT,"Exact source lists, not marginal notes or generated chapter menus. Lodge printed-book boundaries differ from canonical Niese books."
Bellum Judaicum,2,Lodge (1602),English,PRESENT_IN_PRODUCTION,lodge-tcp,SOURCE_CONTENTS_BLOCK_PRESENT,assets/xml/bellum/English/Lodge1602/book-02.xml,2fe2a6a1a16d64de610ea329145bdec6280031af7d4cc48926a64452087c3592,True,False,Specified list/source evidence; no unsupported complete-edition absence claim,"Reuse complete existing source list(s), identifying printed-book scope; no segmentation or source-text restoration.",HIGH_FROZEN_SOURCE_TEXT,"Exact source lists, not marginal notes or generated chapter menus. Lodge printed-book boundaries differ from canonical Niese books."
Bellum Judaicum,3,Lodge (1602),English,PRESENT_IN_PRODUCTION,lodge-tcp,SOURCE_CONTENTS_BLOCK_PRESENT,assets/xml/bellum/English/Lodge1602/book-03.xml,8bce0ac2b6c724ace9fd374317c0a3ddebdf69d9ef295e3a12ce374f2f3e482e,True,False,Specified list/source evidence; no unsupported complete-edition absence claim,"Reuse complete existing source list(s), identifying printed-book scope; no segmentation or source-text restoration.",HIGH_FROZEN_SOURCE_TEXT,"Exact source lists, not marginal notes or generated chapter menus. Lodge printed-book boundaries differ from canonical Niese books."
Bellum Judaicum,4,Lodge (1602),English,PRESENT_IN_PRODUCTION,lodge-tcp,SOURCE_CONTENTS_BLOCK_PRESENT,assets/xml/bellum/English/Lodge1602/book-04.xml,84599af7ae85bbd5662bbd950a822420b3e48a2f88bebd527092050c7b99a32e,True,False,Specified list/source evidence; no unsupported complete-edition absence claim,"Reuse complete existing source list(s), identifying printed-book scope; no segmentation or source-text restoration.",HIGH_FROZEN_SOURCE_TEXT,"Exact source lists, not marginal notes or generated chapter menus. Lodge printed-book boundaries differ from canonical Niese books. Both printed IV and V lists survive here; IV preserves 1,2,3,5,5,6,7."
Bellum Judaicum,5,Lodge (1602),English,PRESENT_IN_PRODUCTION,lodge-tcp,SOURCE_CONTENTS_BLOCK_PRESENT,assets/xml/bellum/English/Lodge1602/book-05.xml,cbee2a3014f2a3d4aef10c3f5ac790ac258df06a226310c35966f66254d22c2b,True,False,Specified list/source evidence; no unsupported complete-edition absence claim,"Reuse complete existing source list(s), identifying printed-book scope; no segmentation or source-text restoration.",HIGH_FROZEN_SOURCE_TEXT,"Exact source lists, not marginal notes or generated chapter menus. Lodge printed-book boundaries differ from canonical Niese books."
Bellum Judaicum,6,Lodge (1602),English,PRESENT_IN_PRODUCTION,lodge-tcp,SOURCE_CONTENTS_BLOCK_PRESENT,assets/xml/bellum/English/Lodge1602/book-06.xml,d4034e9348d65a672e0218066992c7fae752c45dab89b30690fd243fb2f8f1b8,True,False,Specified list/source evidence; no unsupported complete-edition absence claim,"Reuse complete existing source list(s), identifying printed-book scope; no segmentation or source-text restoration.",HIGH_FROZEN_SOURCE_TEXT,"Exact source lists, not marginal notes or generated chapter menus. Lodge printed-book boundaries differ from canonical Niese books."
Bellum Judaicum,7,Lodge (1602),English,PRESENT_IN_PRODUCTION,lodge-tcp,NO_SOURCE_CONTENTS_BLOCK_IN_THIS_BOOK_XML,assets/xml/bellum/English/Lodge1602/book-07.xml,6ef51e6e46a59aad86a040caec54bc10bec1a34c7b4fc83c700a7edb01159af5,False,True,Specified list/source evidence; no unsupported complete-edition absence claim,"Reuse complete existing source list(s), identifying printed-book scope; no segmentation or source-text restoration.",HIGH_FROZEN_SOURCE_TEXT,"Exact source lists, not marginal notes or generated chapter menus. Lodge printed-book boundaries differ from canonical Niese books. Printed-book VII list is already preserved in production Book VI, not this Book VII slice; it covers canonical VI–VII. Do not manufacture a new Book-VII-specific list."
Contra Apionem,1,Niese (1889),Greek,NOT_YET_VERIFIED,contra-greek,NO_SOURCE_CONTENTS_BLOCK_IN_THIS_BOOK_XML,assets/xml/contra-apionem/Greek/book-01.xml,183e885e7ddd61894f2e5cef1a423689be6cbe3160bf42746b33c1bd47fa2b2e,False,False,Specified list/source evidence; no unsupported complete-edition absence claim,Verify complete authoritative source paratext; do not synthesize a list.,UNCERTAIN_SOURCE_AVAILABILITY,"Complete frozen upstream digital TEI has two books, no front/list contents encoding. This establishes digital availability only, not absence from the complete printed edition."
Contra Apionem,2,Niese (1889),Greek,NOT_YET_VERIFIED,contra-greek,NO_SOURCE_CONTENTS_BLOCK_IN_THIS_BOOK_XML,assets/xml/contra-apionem/Greek/book-02.xml,b6d836463f85f717f0b73acbf09a847545ddc3893cb744de21b38575968b4381,False,False,Specified list/source evidence; no unsupported complete-edition absence claim,Verify complete authoritative source paratext; do not synthesize a list.,UNCERTAIN_SOURCE_AVAILABILITY,"Complete frozen upstream digital TEI has two books, no front/list contents encoding. This establishes digital availability only, not absence from the complete printed edition."
Contra Apionem,1,Boysen (1898),Latin,NOT_YET_VERIFIED,contra-latin,NO_SOURCE_CONTENTS_BLOCK_IN_THIS_BOOK_XML,assets/xml/contra-apionem/Latin/book-01.xml,9e72ddadf9a0d4cd0ce20ec190ed8420dd289a4704520f79c7fc2ca5b2d39a62,False,False,Specified list/source evidence; no unsupported complete-edition absence claim,Verify complete authoritative source paratext; do not synthesize a list.,UNCERTAIN_SOURCE_AVAILABILITY,"Complete frozen upstream digital TEI has two books, no front/list contents encoding. This establishes digital availability only, not absence from the complete printed edition."
Contra Apionem,2,Boysen (1898),Latin,NOT_YET_VERIFIED,contra-latin,NO_SOURCE_CONTENTS_BLOCK_IN_THIS_BOOK_XML,assets/xml/contra-apionem/Latin/book-02.xml,5336ba55f50d21d1a453cc98ec946dd9404a161c38824b00f2496c37ce69bc8b,False,False,Specified list/source evidence; no unsupported complete-edition absence claim,Verify complete authoritative source paratext; do not synthesize a list.,UNCERTAIN_SOURCE_AVAILABILITY,"Complete frozen upstream digital TEI has two books, no front/list contents encoding. This establishes digital availability only, not absence from the complete printed edition."
Contra Apionem,1,Whiston,English,NOT_YET_VERIFIED,contra-english,NO_SOURCE_CONTENTS_BLOCK_IN_THIS_BOOK_XML,assets/xml/contra-apionem/English/book-01.xml,2c7731cf1eb2f4b70ff2177ef192b7b0452bf2871de023ab405ec83b60f6125a,False,False,Specified list/source evidence; no unsupported complete-edition absence claim,Verify complete authoritative source paratext; do not synthesize a list.,UNCERTAIN_SOURCE_AVAILABILITY,"Complete frozen upstream digital TEI has two books, no front/list contents encoding. This establishes digital availability only, not absence from the complete printed edition."
Contra Apionem,2,Whiston,English,NOT_YET_VERIFIED,contra-english,NO_SOURCE_CONTENTS_BLOCK_IN_THIS_BOOK_XML,assets/xml/contra-apionem/English/book-02.xml,12d006e8e0b296f84f5ef50ae7aa50c781ffe1b8821def5840e82cd317a7b467,False,False,Specified list/source evidence; no unsupported complete-edition absence claim,Verify complete authoritative source paratext; do not synthesize a list.,UNCERTAIN_SOURCE_AVAILABILITY,"Complete frozen upstream digital TEI has two books, no front/list contents encoding. This establishes digital availability only, not absence from the complete printed edition."
DEH,1,Ussani (1932),Latin,NOT_YET_VERIFIED,deh-latin-freeze; deh-ussani-digital,NO_SOURCE_CONTENTS_BLOCK_IN_THIS_BOOK_XML,assets/xml/deh/Latin/book-01.xml,690da8720b61514199f898909c06661fddc9f3c79a06eea3b392325de7924aa7,False,False,Specified list/source evidence; no unsupported complete-edition absence claim,Verify complete authoritative source paratext; do not synthesize a list.,UNCERTAIN_SOURCE_AVAILABILITY,"Frozen Ussani-based corpus and named digilibLT upstream have running text / Prologue, no separate contents list. This does not prove that complete Ussani print apparatus has no contents."
DEH,2,Ussani (1932),Latin,NOT_YET_VERIFIED,deh-latin-freeze; deh-ussani-digital,NO_SOURCE_CONTENTS_BLOCK_IN_THIS_BOOK_XML,assets/xml/deh/Latin/book-02.xml,cc2ac0d622d56b0ef0e9a74bfdbcb2836c8cd89defbc0a70c11f9cb6274ef25a,False,False,Specified list/source evidence; no unsupported complete-edition absence claim,Verify complete authoritative source paratext; do not synthesize a list.,UNCERTAIN_SOURCE_AVAILABILITY,"Frozen Ussani-based corpus and named digilibLT upstream have running text / Prologue, no separate contents list. This does not prove that complete Ussani print apparatus has no contents."
DEH,3,Ussani (1932),Latin,NOT_YET_VERIFIED,deh-latin-freeze; deh-ussani-digital,NO_SOURCE_CONTENTS_BLOCK_IN_THIS_BOOK_XML,assets/xml/deh/Latin/book-03.xml,aeb861000317b2bbeada0a0d8918499f516f1dc524257ec90d140a5e9bf066c5,False,False,Specified list/source evidence; no unsupported complete-edition absence claim,Verify complete authoritative source paratext; do not synthesize a list.,UNCERTAIN_SOURCE_AVAILABILITY,"Frozen Ussani-based corpus and named digilibLT upstream have running text / Prologue, no separate contents list. This does not prove that complete Ussani print apparatus has no contents."
DEH,4,Ussani (1932),Latin,NOT_YET_VERIFIED,deh-latin-freeze; deh-ussani-digital,NO_SOURCE_CONTENTS_BLOCK_IN_THIS_BOOK_XML,assets/xml/deh/Latin/book-04.xml,150fb0857b07eaa47ca0de119558ed76368d6a452c06784475b97eb15a0e10fa,False,False,Specified list/source evidence; no unsupported complete-edition absence claim,Verify complete authoritative source paratext; do not synthesize a list.,UNCERTAIN_SOURCE_AVAILABILITY,"Frozen Ussani-based corpus and named digilibLT upstream have running text / Prologue, no separate contents list. This does not prove that complete Ussani print apparatus has no contents."
DEH,5,Ussani (1932),Latin,NOT_YET_VERIFIED,deh-latin-freeze; deh-ussani-digital,NO_SOURCE_CONTENTS_BLOCK_IN_THIS_BOOK_XML,assets/xml/deh/Latin/book-05.xml,f97fbd0992e8a540d250963109610060a8f417cb7cd18f93d5279c82cf2fcd97,False,False,Specified list/source evidence; no unsupported complete-edition absence claim,Verify complete authoritative source paratext; do not synthesize a list.,UNCERTAIN_SOURCE_AVAILABILITY,"Frozen Ussani-based corpus and named digilibLT upstream have running text / Prologue, no separate contents list. This does not prove that complete Ussani print apparatus has no contents."
DEH,1,Pollard v1.0,English,SOURCE_HAS_NO_TOC,assets/xml/deh/English/book-01.xml; deh-english-consultation-export,NO_SOURCE_CONTENTS_BLOCK_IN_THIS_BOOK_XML,assets/xml/deh/English/book-01.xml,f561a58ebfd2087326bde625eef895d5396c90fc8da02af1fe24dd710e45af12,False,False,Born-digital translation v1.0,No source TOC to display for this registered translation; do not generate one.,HIGH_BORN_DIGITAL_SOURCE,Registered born-digital Pollard v1.0 translation has no source contents list. Complete consultation export has none and expressly subordinates itself to frozen TEI; chapter/unit labels are not contents.
DEH,2,Pollard v1.0,English,SOURCE_HAS_NO_TOC,assets/xml/deh/English/book-02.xml; deh-english-consultation-export,NO_SOURCE_CONTENTS_BLOCK_IN_THIS_BOOK_XML,assets/xml/deh/English/book-02.xml,947e6cb37ae5918469476e1c85189382d4d7e3c6f67203b8a5e9381a187f5d81,False,False,Born-digital translation v1.0,No source TOC to display for this registered translation; do not generate one.,HIGH_BORN_DIGITAL_SOURCE,Registered born-digital Pollard v1.0 translation has no source contents list. Complete consultation export has none and expressly subordinates itself to frozen TEI; chapter/unit labels are not contents.
DEH,3,Pollard v1.0,English,SOURCE_HAS_NO_TOC,assets/xml/deh/English/book-03.xml; deh-english-consultation-export,NO_SOURCE_CONTENTS_BLOCK_IN_THIS_BOOK_XML,assets/xml/deh/English/book-03.xml,950b5b7d7eecb9c1b194645c4c1659b6453a8c44bb5325169df39cadf71c7262,False,False,Born-digital translation v1.0,No source TOC to display for this registered translation; do not generate one.,HIGH_BORN_DIGITAL_SOURCE,Registered born-digital Pollard v1.0 translation has no source contents list. Complete consultation export has none and expressly subordinates itself to frozen TEI; chapter/unit labels are not contents.
DEH,4,Pollard v1.0,English,SOURCE_HAS_NO_TOC,assets/xml/deh/English/book-04.xml; deh-english-consultation-export,NO_SOURCE_CONTENTS_BLOCK_IN_THIS_BOOK_XML,assets/xml/deh/English/book-04.xml,40abebbe6bf09ff061652b41cfb1efa84ed9b3a3f7184404bbaa2aacae1a6c26,False,False,Born-digital translation v1.0,No source TOC to display for this registered translation; do not generate one.,HIGH_BORN_DIGITAL_SOURCE,Registered born-digital Pollard v1.0 translation has no source contents list. Complete consultation export has none and expressly subordinates itself to frozen TEI; chapter/unit labels are not contents.
DEH,5,Pollard v1.0,English,SOURCE_HAS_NO_TOC,assets/xml/deh/English/book-05.xml; deh-english-consultation-export,NO_SOURCE_CONTENTS_BLOCK_IN_THIS_BOOK_XML,assets/xml/deh/English/book-05.xml,b7e67496c37deab6482fccb524d104d62f0478f6b2fa19701e32219252fb0f27,False,False,Born-digital translation v1.0,No source TOC to display for this registered translation; do not generate one.,HIGH_BORN_DIGITAL_SOURCE,Registered born-digital Pollard v1.0 translation has no source contents list. Complete consultation export has none and expressly subordinates itself to frozen TEI; chapter/unit labels are not contents.
