Niese,Greek printed start,Niese printed p,Niese PDF p,Loeb printed p,Loeb PDF p,Latin start,Latin enclosing id,Latin confidence,English context,Editorial status
1,"Τοῖς τὰς ἱστορίας συγγράφειν βουλομένοις οὐ μίαν οὐδὲ τὴν αὐτὴν ὁρῶ τῆςσπουδῆς γινομένην αἰτίαν, ἀλλ",4,94,2,26,Historiam conscribere  disponentibus non unam nec eandem uideo eiusdem studii causam sed multas existere et ab,latin-preface-num1,SECURE_FULL_EXTENT_CORRESPONDENCE,english-preface-num1,RESOLVED_ROUTINE
2,τινὲς μὲν γὰρ ἐπιδεικνύμενοι λόγων δεινότητα καὶ τὴν ἀπ᾽ αὐτῆς θηρευόμενοιδόξαν ἐπὶ τοῦτο τῆς παιδεί,4,94,2,26,"Nam quidam eorum fui sermonis pandere uolentes ornatum, et exhoc gloriam aucupantes, ad partem huius disciplin",latin-preface-num1,SECURE_FULL_EXTENT_CORRESPONDENCE,english-preface-num1,RESOLVED_ROUTINE
3,εἰσὶ δ᾽ οἵτινες ἐβιάσθησαν ὑπ᾽ αὐτῆς τῆς τῶν πραγμάτων ἀνάγκηςοἷς πραττομένοις παρέτυχον ταῦτα γραφῇ,4,94,2,26,"Quidem autem ipsa rerum necessitare uim passi sunt, ut ea quibus interfuerunt cum agerentur scripturae declara",latin-preface-num1,SECURE_FULL_EXTENT_CORRESPONDENCE,english-preface-num1,RESOLVED_ROUTINE
4,τούτων δὴ τῶν προειρημένων αἰτιῶναἱ τελευταῖαι δύο κἀμοὶ συμβεβήκασι: τὸν μὲν γὰρ πρὸς τοὺς Ῥωμαίους,5,95,2,26,harum itaque; quas praedixi causarum duae nouissime mihi etiam prouenerunt. Bellum namque quod inter romanos e,latin-preface-num1,SECURE_FULL_EXTENT_CORRESPONDENCE,english-preface-num1,RESOLVED_ROUTINE
5,ταύτην δὲ τὴν ἐνεστῶσαν ἐγκεχείρισμαι πραγματείαν νομίζωνἅπασι φανεῖσθαι τοῖς Ἕλλησιν ἀξίαν σπουδῆς:,5,95,4,28,praesens autem opus assumpsi credens etiam dignum studium graecis omnibus apparere. Continebit itaque omnem an,latin-preface-num5,SECURE_FULL_EXTENT_CORRESPONDENCE,english-preface-num5,RESOLVED_ROUTINE
6,"ἤδη μὲν οὖν καὶ πρότερον διενοήθην, ὅτε τὸνπόλεμον συνέγραφον, δηλῶσαι τίνες ὄντες ἐξ ἀρχῆς Ἰουδαῖοι",5,95,4,28,"Dudum siquidem cum bella conscriberem, proposueram declarare qui fuerint initio iudaci, et quibus sint usi for",latin-preface-num5,SECURE_FULL_EXTENT_CORRESPONDENCE,english-preface-num5,RESOLVED_ROUTINE
7,"ἀλλ᾽ ἐπειδὴ μείζων ἦν ἡτοῦδε τοῦ λόγου περιβολή, κατ᾽ αὐτὸν ἐκεῖνον χωρίσας ταῖς ἰδίαις ἀρχαῖς αὐτοῦ",5,95,4,28,"Sed quoniam ingens erat operis eius ualde complexus, inipso libro diuidens disponesque principia atque finem c",latin-preface-num5,SECURE_FULL_EXTENT_CORRESPONDENCE,english-preface-num5,RESOLVED_ROUTINE
8,"ἦσαν δέ τινες, οἳ πόθῳ τῆς ἱστορίας ἐπ᾽ αὐτήν με προύτρεπον, καὶ μάλιστα δὴπάντων Ἐπαφρόδιτος ἀνὴρ ἅ",5,95,4,28,"eram autuem qui meae historiae desiderio pro rebus talibus inuitarent, et praecipuae horum omnium epaphroditus",latin-preface-num5,SECURE_FULL_EXTENT_CORRESPONDENCE,english-preface-num5,RESOLVED_ROUTINE
9,τούτῳ δὴ πειθόμενος ὡς αἰεὶ τοῖς χρήσιμον ἢκαλόν τι πράττειν δυναμένοις συμφιλοκαλοῦντι καὶ ἐμαυτὸν ,6,96,4,28,"huic enim uiro semper obediens, qui utiliter et bene agentium cooperator existeret ne uiderer desidia potius q",latin-preface-num5,SECURE_FULL_EXTENT_CORRESPONDENCE,english-preface-num5,RESOLVED_ROUTINE
10,"Εὗρον τοίνυν, ὅτι Πτολεμαίων μὲν ὁ δεύτερος μάλιστα δὴ βασιλεὺς περὶ παιδείανκαὶ βιβλίων συναγωγὴν σ",6,96,6,30,"Comperi siquidem quomodo ptolemaeorum secundus rex, maxime circa disciplinam et librorum collectionem studium ",latin-preface-num10,SECURE_FULL_EXTENT_CORRESPONDENCE,english-preface-num10,RESOLVED_ROUTINE
11,ὁ δὲ τῶν παρ᾽ ἡμῖν ἀρχιερέων οὐδενὸς ἀρετῇ δεύτερος Ἐλεάζαρος τῷπροειρημένῳ βασιλεῖ ταύτης ἀπολαῦσαι,6,96,6,30,"pontifex uero noster eleazarus nulla uirtute secundus non inuidit ut praedictu regem hac utilitate priuaret, c",latin-preface-num10,SECURE_FULL_EXTENT_CORRESPONDENCE,english-preface-num10,RESOLVED_ROUTINE
12,"κἀμαυτῷ δὴ πρέπειν ἐνόμισα τὸ μὲν τοῦ ἀρχιερέως μιμήσασθαι μεγαλόψυχον, τῷβασιλεῖ δὲ πολλοὺς ὁμοίως ",6,96,6,30,"Ideoque mihi scilicet, ipse conuenire putaui magnanimitatem quidem pontificis <similiter> et ut regiae largita",latin-preface-num10,SECURE_FULL_EXTENT_CORRESPONDENCE,english-preface-num10,RESOLVED_ROUTINE
13,"μυρία δ᾽ ἐστὶ τὰδηλούμενα διὰ τῶν ἱερῶν γραμμάτων, ἅτε δὴ πεντακισχιλίων ἐτῶν ἱστορίας ἐναὐτοῖς ἐμπε",6,96,6,30,cum sint alia innumera quae per sacras literas indicantur utpote quinque milium annorum historia in istis expo,latin-preface-num10,SECURE_FULL_EXTENT_CORRESPONDENCE,english-preface-num10,RESOLVED_ROUTINE
14,"τὸσύνολον δὲ μάλιστά τις ἂν ἐκ ταύτης μάθοι τῆς ἱστορίας ἐθελήσας αὐτὴνδιελθεῖν, ὅτι τοῖς μὲν θεοῦ γ",6,96,8,32,quod totu exipsa praecipue historia poterit quilibet agnoscere si eam uoluerit lectitare. In qu[a] etiam quam ,latin-preface-num10,SECURE_FULL_EXTENT_CORRESPONDENCE,english-preface-num10,RESOLVED_ROUTINE
15,ἤδη τοίνυν τοὺς ἐντευξομένους τοῖς βιβλίοιςπαρακαλῶ τὴν γνώμην θεῷ προσανέχειν καὶ δοκιμάζειν τὸν ἡμ,7,97,8,32,Iam itaque eos qui lecturi sunt hos libros exoro ut uoluntatem suam deo summittant et legislatorem nostrem pro,latin-preface-num10,SECURE_FULL_EXTENT_CORRESPONDENCE,english-preface-num10,RESOLVED_ROUTINE
16,καίτοι γε ὅσον ἐπὶ μήκει χρόνου καὶ παλαιότητιπολλὴν εἶχεν ἄδειαν ψευδῶν πλασμάτων: γέγονε γὰρ πρὸ ἐ,7,97,8,32,"licet ex longitudine temporum, aetate uetustiore potuisset multam figmentorum fallacia[u]m habere licentiam, f",latin-preface-num10,SECURE_FULL_EXTENT_CORRESPONDENCE,english-preface-num10,RESOLVED_ROUTINE
17,τὰ μὲν οὖνἀκριβῆ τῶν ἐν ταῖς ἀναγραφαῖς προϊὼν ὁ λόγος κατὰ τὴν οἰκείαν τάξιν σημανεῖ:τοῦτο γὰρ διὰ ,7,97,8,32,"integritate uideli<cet> eorum quae a me conscripta sunt, procedens sermo ordine proprio declarabit; hoc enim m",latin-preface-num10,SECURE_FULL_EXTENT_CORRESPONDENCE,english-preface-num10,RESOLVED_ROUTINE
18,"Ἐπειδὴ δὲ πάντα σχεδὸν ἐκ τῆς τοῦ νομοθέτου σοφίας ἡμῖν ἀνήρτηται Μωυσέος,ἀνάγκη μοι βραχέα περὶ ἐκε",7,97,10,34,quia uero pene omnia ex moseos legislatoris sapientia apud nos pendere noscuntur necesse mihi est pauca de ill,latin-preface-num18,SECURE_FULL_EXTENT_CORRESPONDENCE,english-preface-num18,RESOLVED_ROUTINE
19,"ἰστέον οὖν, ὅτι πάντων ἐκεῖνοςἀναγκαιότατον ἡγήσατο τῷ καὶ τὸν ἑαυτοῦ μέλλοντι βίον οἰκονομήσειν καλ",7,97,10,34,"Sciendu itaque quomodo legislator ille omnium rerum, necessarium iudicauit: ut quisquis suam uita bene guberna",latin-preface-num18,SECURE_FULL_EXTENT_CORRESPONDENCE,english-preface-num18,RESOLVED_ROUTINE
20,"οὔτε γὰρ αὐτῷ ποτ᾽ ἂνγενέσθαι νοῦν ἀγαθὸν τῷ νομοθέτῃ ταύτης ἀπολειπομένῳ τῆς θέας, οὔτε τῶνγραφησομ",7,97,10,34,neque enim uel ipsi legislatori fuit sufficiens mens dum in ipsius contemplatione deficeret: nec eis qui consc,latin-preface-num18,SECURE_FULL_EXTENT_CORRESPONDENCE,english-preface-num18,RESOLVED_ROUTINE
21,τοῦτο δὴ παιδεῦσαιβουληθεὶς Μωυσῆς τὸ παίδευμα τοὺς ἑαυτοῦ πολίτας τῆς τῶν νόμων θέσεως οὐκἀπὸ συμβο,8,98,10,34,"hoc igitur docere desiderans moses suos suos ciues ac populos, legis constitutionem non ab ore communi, nec a ",latin-preface-num18,SECURE_FULL_EXTENT_CORRESPONDENCE,english-preface-num18,RESOLVED_ROUTINE
22,οἱ μὲν γὰρ ἄλλοι νομοθέται τοῖς μύθοις ἐξακολουθήσαντες τῶνἀνθρωπίνων ἁμαρτημάτων εἰς τοὺς θεοὺς τῷ ,8,98,12,36,"Alii namque legislatores, fabulas sequentes, humanorum delictorem confusione potius in deos suos sacrilego ser",latin-preface-num18,SECURE_FULL_EXTENT_CORRESPONDENCE,english-preface-num18,RESOLVED_ROUTINE
23,ὁ δ᾽ ἡμέτερος νομοθέτης ἀκραιφνῆτὴν ἀρετὴν ἔχοντα τὸν θεὸν ἀποφήνας ᾠήθη δεῖν τοὺς ἀνθρώπους ἐκείνης,8,98,12,36,"Noster uero legislator summam uirtutem deum habere pronuncians, infudit omnibus eam participari et eos qui tal",latin-preface-num18,SECURE_FULL_EXTENT_CORRESPONDENCE,english-preface-num18,RESOLVED_ROUTINE
24,πρὸς ταύτην οὖν τὴν ὑπόθεσιν ποιεῖσθαι τὴν ἐξέτασιντοὺς ἀναγνωσομένους παρακαλῶ: φανεῖται γὰρ σκοπου,8,98,12,36,"secundum hoc igitur argumentum facere examinationem lecturos exoro sic enim confiderantibus, nihil irrationabi",latin-preface-num18,SECURE_FULL_EXTENT_CORRESPONDENCE,english-preface-num18,RESOLVED_ROUTINE
25,"τοῖς μέντοιβουλομένοις καὶ τὰς αἰτίας ἑκάστου σκοπεῖν πολλὴ γένοιτ᾽ ἂν ἡ θεωρία καὶ λίανφιλόσοφος, ἣ",8,98,12,36,Volentius autem etiam causas rerum singulas considerare contemplatio multa nimis et ualde philosopha repperitu,latin-preface-num18,SECURE_FULL_EXTENT_CORRESPONDENCE,english-preface-num18,RESOLVED_ROUTINE
26,τρέψομαι δὲ ἐπὶ τὴνἀφήγησιν ἤδη τῶν πραγμάτων μνησθεὶς πρότερον ὧν περὶ τῆς τοῦ κόσμουκατασκευῆς εἶπ,8,98,12,36,"Quod ego nunc quidem adrerum narrationem reminiscens primitus eorum quae demundi fabrica moses dixit, haec aut",latin-preface-num18,SECURE_FULL_EXTENT_CORRESPONDENCE,english-preface-num18,RESOLVED_ROUTINE
