work,book,source,language,witness_key,toc_status,source_existence,text_verification,encoded_availability,supplements_present,publication_eligibility,browser_integration,phase_b_recommendation
Antiquities,1,Niese,Greek,niese,NOT_YET_VERIFIED,NOT_YET_VERIFIED,DEFERRED,False,False,DEFERRED,UNAVAILABLE,Preserve source evidence and defer; no generated substitute.
Antiquities,2,Niese,Greek,niese,NOT_YET_VERIFIED,NOT_YET_VERIFIED,DEFERRED,False,False,DEFERRED,UNAVAILABLE,Preserve source evidence and defer; no generated substitute.
Antiquities,3,Niese,Greek,niese,NOT_YET_VERIFIED,NOT_YET_VERIFIED,DEFERRED,False,False,DEFERRED,UNAVAILABLE,Preserve source evidence and defer; no generated substitute.
Antiquities,4,Niese,Greek,niese,NOT_YET_VERIFIED,NOT_YET_VERIFIED,DEFERRED,False,False,DEFERRED,UNAVAILABLE,Preserve source evidence and defer; no generated substitute.
Antiquities,5,Niese,Greek,niese,PRESENT_IN_PRODUCTION,VERIFIED_PRESENT,EXISTING_SOURCE_PARATEXT_VERIFIED,True,False,ELIGIBLE,COMPLETE,"Verified source contents display, no inferred navigation targets."
Antiquities,6,Niese,Greek,niese,NOT_YET_VERIFIED,NOT_YET_VERIFIED,DEFERRED,False,False,DEFERRED,UNAVAILABLE,Preserve source evidence and defer; no generated substitute.
Antiquities,7,Niese,Greek,niese,NOT_YET_VERIFIED,NOT_YET_VERIFIED,DEFERRED,False,False,DEFERRED,UNAVAILABLE,Preserve source evidence and defer; no generated substitute.
Antiquities,8,Niese,Greek,niese,NOT_YET_VERIFIED,NOT_YET_VERIFIED,DEFERRED,False,False,DEFERRED,UNAVAILABLE,Preserve source evidence and defer; no generated substitute.
Antiquities,9,Niese,Greek,niese,NOT_YET_VERIFIED,NOT_YET_VERIFIED,DEFERRED,False,False,DEFERRED,UNAVAILABLE,Preserve source evidence and defer; no generated substitute.
Antiquities,10,Niese,Greek,niese,NOT_YET_VERIFIED,NOT_YET_VERIFIED,DEFERRED,False,False,DEFERRED,UNAVAILABLE,Preserve source evidence and defer; no generated substitute.
Antiquities,11,Niese,Greek,niese,PRESENT_IN_PRODUCTION,VERIFIED_PRESENT,EXISTING_SOURCE_PARATEXT_VERIFIED,True,False,ELIGIBLE,COMPLETE,"Verified source contents display, no inferred navigation targets."
Antiquities,12,Niese,Greek,niese,PRESENT_IN_PRODUCTION,VERIFIED_PRESENT,EXISTING_SOURCE_PARATEXT_VERIFIED,True,False,ELIGIBLE,COMPLETE,"Verified source contents display, no inferred navigation targets."
Antiquities,13,Niese,Greek,niese,PRESENT_IN_PRODUCTION,VERIFIED_PRESENT,EXISTING_SOURCE_PARATEXT_VERIFIED,True,False,ELIGIBLE,COMPLETE,"Verified source contents display, no inferred navigation targets."
Antiquities,14,Niese,Greek,niese,PRESENT_IN_PRODUCTION,VERIFIED_PRESENT,EXISTING_SOURCE_PARATEXT_VERIFIED,True,False,ELIGIBLE,COMPLETE,"Verified source contents display, no inferred navigation targets."
Antiquities,15,Niese,Greek,niese,PRESENT_IN_PRODUCTION,VERIFIED_PRESENT,EXISTING_SOURCE_PARATEXT_VERIFIED,True,False,ELIGIBLE,COMPLETE,"Verified source contents display, no inferred navigation targets."
Antiquities,16,Niese,Greek,niese,PRESENT_IN_PRODUCTION,VERIFIED_PRESENT,EXISTING_SOURCE_PARATEXT_VERIFIED,True,False,ELIGIBLE,COMPLETE,"Verified source contents display, no inferred navigation targets."
Antiquities,17,Niese,Greek,niese,PRESENT_IN_PRODUCTION,VERIFIED_PRESENT,EXISTING_SOURCE_PARATEXT_VERIFIED,True,False,ELIGIBLE,COMPLETE,"Verified source contents display, no inferred navigation targets."
Antiquities,18,Niese,Greek,niese,PRESENT_IN_PRODUCTION,VERIFIED_PRESENT,EXISTING_SOURCE_PARATEXT_VERIFIED,True,False,ELIGIBLE,COMPLETE,"Verified source contents display, no inferred navigation targets."
Antiquities,19,Niese,Greek,niese,PRESENT_IN_PRODUCTION,VERIFIED_PRESENT,EXISTING_SOURCE_PARATEXT_VERIFIED,True,False,ELIGIBLE,COMPLETE,"Verified source contents display, no inferred navigation targets."
Antiquities,20,Niese,Greek,niese,PRESENT_IN_PRODUCTION,VERIFIED_PRESENT,EXISTING_SOURCE_PARATEXT_VERIFIED,True,False,ELIGIBLE,COMPLETE,"Verified source contents display, no inferred navigation targets."
Antiquities,1,Bamberg 78,Latin,bamberg78,NOT_YET_VERIFIED,NOT_YET_VERIFIED,DEFERRED,False,False,DEFERRED,UNAVAILABLE,Preserve source evidence and defer; no generated substitute.
Antiquities,2,Bamberg 78,Latin,bamberg78,NOT_YET_VERIFIED,VERIFIED_PRESENT,HUMAN_DOUBLE_CHECKED,True,True,ELIGIBLE,COMPLETE,Human-edited Word transcription imported; marginal II–IV / main-text V; controlling authority supersedes earlier comparative versions.
Antiquities,3,Bamberg 78,Latin,bamberg78,NOT_YET_VERIFIED,VERIFIED_PRESENT,HUMAN_DOUBLE_CHECKED,True,True,ELIGIBLE,COMPLETE,Human-edited Word transcription imported; marginal II–IV / main-text V; controlling authority supersedes earlier comparative versions.
Antiquities,4,Bamberg 78,Latin,bamberg78,NOT_YET_VERIFIED,VERIFIED_PRESENT,HUMAN_DOUBLE_CHECKED,True,True,ELIGIBLE,COMPLETE,Human-edited Word transcription imported; marginal II–IV / main-text V; controlling authority supersedes earlier comparative versions.
Antiquities,5,Bamberg 78,Latin,bamberg78,PRESENT_IN_AUTHORITY_OMITTED_FROM_PRODUCTION,VERIFIED_PRESENT,HUMAN_GOVERNING_TRANSCRIPTION,True,False,ELIGIBLE,COMPLETE,Human-edited Word transcription imported; marginal II–IV / main-text V; controlling authority supersedes earlier comparative versions.
Antiquities,6,Bamberg 78,Latin,bamberg78,NOT_YET_VERIFIED,NOT_YET_VERIFIED,DEFERRED,False,False,DEFERRED,UNAVAILABLE,Preserve source evidence and defer; no generated substitute.
Antiquities,7,Bamberg 78,Latin,bamberg78,NOT_YET_VERIFIED,NOT_YET_VERIFIED,DEFERRED,False,False,DEFERRED,UNAVAILABLE,Preserve source evidence and defer; no generated substitute.
Antiquities,8,Bamberg 78,Latin,bamberg78,NOT_YET_VERIFIED,NOT_YET_VERIFIED,DEFERRED,False,False,DEFERRED,UNAVAILABLE,Preserve source evidence and defer; no generated substitute.
Antiquities,9,Bamberg 78,Latin,bamberg78,NOT_YET_VERIFIED,NOT_YET_VERIFIED,DEFERRED,False,False,DEFERRED,UNAVAILABLE,Preserve source evidence and defer; no generated substitute.
Antiquities,10,Bamberg 78,Latin,bamberg78,NOT_YET_VERIFIED,NOT_YET_VERIFIED,DEFERRED,False,False,DEFERRED,UNAVAILABLE,Preserve source evidence and defer; no generated substitute.
Antiquities,11,Bamberg 78,Latin,bamberg78,NOT_YET_VERIFIED,NOT_YET_VERIFIED,DEFERRED,False,False,DEFERRED,UNAVAILABLE,Preserve source evidence and defer; no generated substitute.
Antiquities,12,Bamberg 78,Latin,bamberg78,NOT_YET_VERIFIED,NOT_YET_VERIFIED,DEFERRED,False,False,DEFERRED,UNAVAILABLE,Preserve source evidence and defer; no generated substitute.
Antiquities,13,Bamberg 78,Latin,bamberg78,PRESENT_IN_PRODUCTION,VERIFIED_PRESENT,EXISTING_SOURCE_PARATEXT_VERIFIED,True,False,ELIGIBLE,COMPLETE,"Verified source contents display, no inferred navigation targets."
Antiquities,14,Bamberg 78,Latin,bamberg78,PRESENT_IN_PRODUCTION,PRESENT_WITH_HOLD,DEFERRED,False,False,DEFERRED,UNAVAILABLE,Preserve source evidence and defer; no generated substitute.
Antiquities,15,Bamberg 78,Latin,bamberg78,PRESENT_IN_PRODUCTION,VERIFIED_PRESENT,EXISTING_SOURCE_PARATEXT_VERIFIED,True,False,ELIGIBLE,COMPLETE,"Verified source contents display, no inferred navigation targets."
Antiquities,16,Bamberg 78,Latin,bamberg78,PRESENT_IN_PRODUCTION,VERIFIED_PRESENT,EXISTING_SOURCE_PARATEXT_VERIFIED,True,False,ELIGIBLE,COMPLETE,"Verified source contents display, no inferred navigation targets."
Antiquities,17,Bamberg 78,Latin,bamberg78,PRESENT_IN_PRODUCTION,VERIFIED_PRESENT,EXISTING_SOURCE_PARATEXT_VERIFIED,True,False,ELIGIBLE,COMPLETE,"Verified source contents display, no inferred navigation targets."
Antiquities,18,Bamberg 78,Latin,bamberg78,PRESENT_IN_PRODUCTION,VERIFIED_PRESENT,EXISTING_SOURCE_PARATEXT_VERIFIED,True,False,ELIGIBLE,COMPLETE,"Verified source contents display, no inferred navigation targets."
Antiquities,19,Bamberg 78,Latin,bamberg78,PRESENT_IN_PRODUCTION,VERIFIED_PRESENT,EXISTING_SOURCE_PARATEXT_VERIFIED,True,False,ELIGIBLE,COMPLETE,"Verified source contents display, no inferred navigation targets."
Antiquities,20,Bamberg 78,Latin,bamberg78,PRESENT_IN_PRODUCTION,VERIFIED_PRESENT,EXISTING_SOURCE_PARATEXT_VERIFIED,True,False,ELIGIBLE,COMPLETE,"Verified source contents display, no inferred navigation targets."
Antiquities,1,Whiston,English,whiston,NOT_YET_VERIFIED,NOT_YET_VERIFIED,DEFERRED,False,False,DEFERRED,UNAVAILABLE,Preserve source evidence and defer; no generated substitute.
Antiquities,2,Whiston,English,whiston,NOT_YET_VERIFIED,NOT_YET_VERIFIED,DEFERRED,False,False,DEFERRED,UNAVAILABLE,Preserve source evidence and defer; no generated substitute.
Antiquities,3,Whiston,English,whiston,NOT_YET_VERIFIED,NOT_YET_VERIFIED,DEFERRED,False,False,DEFERRED,UNAVAILABLE,Preserve source evidence and defer; no generated substitute.
Antiquities,4,Whiston,English,whiston,NOT_YET_VERIFIED,NOT_YET_VERIFIED,DEFERRED,False,False,DEFERRED,UNAVAILABLE,Preserve source evidence and defer; no generated substitute.
Antiquities,5,Whiston,English,whiston,NOT_YET_VERIFIED,NOT_YET_VERIFIED,DEFERRED,False,False,DEFERRED,UNAVAILABLE,Preserve source evidence and defer; no generated substitute.
Antiquities,6,Whiston,English,whiston,NOT_YET_VERIFIED,NOT_YET_VERIFIED,DEFERRED,False,False,DEFERRED,UNAVAILABLE,Preserve source evidence and defer; no generated substitute.
Antiquities,7,Whiston,English,whiston,NOT_YET_VERIFIED,NOT_YET_VERIFIED,DEFERRED,False,False,DEFERRED,UNAVAILABLE,Preserve source evidence and defer; no generated substitute.
Antiquities,8,Whiston,English,whiston,NOT_YET_VERIFIED,NOT_YET_VERIFIED,DEFERRED,False,False,DEFERRED,UNAVAILABLE,Preserve source evidence and defer; no generated substitute.
Antiquities,9,Whiston,English,whiston,NOT_YET_VERIFIED,NOT_YET_VERIFIED,DEFERRED,False,False,DEFERRED,UNAVAILABLE,Preserve source evidence and defer; no generated substitute.
Antiquities,10,Whiston,English,whiston,NOT_YET_VERIFIED,NOT_YET_VERIFIED,DEFERRED,False,False,DEFERRED,UNAVAILABLE,Preserve source evidence and defer; no generated substitute.
Antiquities,11,Whiston,English,whiston,NOT_YET_VERIFIED,NOT_YET_VERIFIED,DEFERRED,False,False,DEFERRED,UNAVAILABLE,Preserve source evidence and defer; no generated substitute.
Antiquities,12,Whiston,English,whiston,NOT_YET_VERIFIED,NOT_YET_VERIFIED,DEFERRED,False,False,DEFERRED,UNAVAILABLE,Preserve source evidence and defer; no generated substitute.
Antiquities,13,Whiston,English,whiston,NOT_YET_VERIFIED,NOT_YET_VERIFIED,DEFERRED,False,False,DEFERRED,UNAVAILABLE,Preserve source evidence and defer; no generated substitute.
Antiquities,14,Whiston,English,whiston,NOT_YET_VERIFIED,NOT_YET_VERIFIED,DEFERRED,False,False,DEFERRED,UNAVAILABLE,Preserve source evidence and defer; no generated substitute.
Antiquities,15,Whiston,English,whiston,NOT_YET_VERIFIED,NOT_YET_VERIFIED,DEFERRED,False,False,DEFERRED,UNAVAILABLE,Preserve source evidence and defer; no generated substitute.
Antiquities,16,Whiston,English,whiston,NOT_YET_VERIFIED,NOT_YET_VERIFIED,DEFERRED,False,False,DEFERRED,UNAVAILABLE,Preserve source evidence and defer; no generated substitute.
Antiquities,17,Whiston,English,whiston,NOT_YET_VERIFIED,NOT_YET_VERIFIED,DEFERRED,False,False,DEFERRED,UNAVAILABLE,Preserve source evidence and defer; no generated substitute.
Antiquities,18,Whiston,English,whiston,NOT_YET_VERIFIED,NOT_YET_VERIFIED,DEFERRED,False,False,DEFERRED,UNAVAILABLE,Preserve source evidence and defer; no generated substitute.
Antiquities,19,Whiston,English,whiston,NOT_YET_VERIFIED,NOT_YET_VERIFIED,DEFERRED,False,False,DEFERRED,UNAVAILABLE,Preserve source evidence and defer; no generated substitute.
Antiquities,20,Whiston,English,whiston,NOT_YET_VERIFIED,NOT_YET_VERIFIED,DEFERRED,False,False,DEFERRED,UNAVAILABLE,Preserve source evidence and defer; no generated substitute.
Bellum Judaicum,1,Niese,Greek,current,NOT_YET_VERIFIED,NOT_YET_VERIFIED,DEFERRED,False,False,DEFERRED,UNAVAILABLE,Preserve source evidence and defer; no generated substitute.
Bellum Judaicum,2,Niese,Greek,current,NOT_YET_VERIFIED,NOT_YET_VERIFIED,DEFERRED,False,False,DEFERRED,UNAVAILABLE,Preserve source evidence and defer; no generated substitute.
Bellum Judaicum,3,Niese,Greek,current,NOT_YET_VERIFIED,NOT_YET_VERIFIED,DEFERRED,False,False,DEFERRED,UNAVAILABLE,Preserve source evidence and defer; no generated substitute.
Bellum Judaicum,4,Niese,Greek,current,NOT_YET_VERIFIED,NOT_YET_VERIFIED,DEFERRED,False,False,DEFERRED,UNAVAILABLE,Preserve source evidence and defer; no generated substitute.
Bellum Judaicum,5,Niese,Greek,current,NOT_YET_VERIFIED,NOT_YET_VERIFIED,DEFERRED,False,False,DEFERRED,UNAVAILABLE,Preserve source evidence and defer; no generated substitute.
Bellum Judaicum,6,Niese,Greek,current,NOT_YET_VERIFIED,NOT_YET_VERIFIED,DEFERRED,False,False,DEFERRED,UNAVAILABLE,Preserve source evidence and defer; no generated substitute.
Bellum Judaicum,7,Niese,Greek,current,NOT_YET_VERIFIED,NOT_YET_VERIFIED,DEFERRED,False,False,DEFERRED,UNAVAILABLE,Preserve source evidence and defer; no generated substitute.
Bellum Judaicum,1,Cardwell (1837),Latin,cardwell,NOT_YET_VERIFIED,NOT_YET_VERIFIED,DEFERRED,False,False,DEFERRED,UNAVAILABLE,Preserve source evidence and defer; no generated substitute.
Bellum Judaicum,2,Cardwell (1837),Latin,cardwell,NOT_YET_VERIFIED,NOT_YET_VERIFIED,DEFERRED,False,False,DEFERRED,UNAVAILABLE,Preserve source evidence and defer; no generated substitute.
Bellum Judaicum,3,Cardwell (1837),Latin,cardwell,NOT_YET_VERIFIED,NOT_YET_VERIFIED,DEFERRED,False,False,DEFERRED,UNAVAILABLE,Preserve source evidence and defer; no generated substitute.
Bellum Judaicum,4,Cardwell (1837),Latin,cardwell,NOT_YET_VERIFIED,NOT_YET_VERIFIED,DEFERRED,False,False,DEFERRED,UNAVAILABLE,Preserve source evidence and defer; no generated substitute.
Bellum Judaicum,5,Cardwell (1837),Latin,cardwell,NOT_YET_VERIFIED,NOT_YET_VERIFIED,DEFERRED,False,False,DEFERRED,UNAVAILABLE,Preserve source evidence and defer; no generated substitute.
Bellum Judaicum,6,Cardwell (1837),Latin,cardwell,NOT_YET_VERIFIED,NOT_YET_VERIFIED,DEFERRED,False,False,DEFERRED,UNAVAILABLE,Preserve source evidence and defer; no generated substitute.
Bellum Judaicum,7,Cardwell (1837),Latin,cardwell,NOT_YET_VERIFIED,NOT_YET_VERIFIED,DEFERRED,False,False,DEFERRED,UNAVAILABLE,Preserve source evidence and defer; no generated substitute.
Bellum Judaicum,1,Whiston,English,whiston,NOT_YET_VERIFIED,NOT_YET_VERIFIED,DEFERRED,False,False,DEFERRED,UNAVAILABLE,Preserve source evidence and defer; no generated substitute.
Bellum Judaicum,2,Whiston,English,whiston,NOT_YET_VERIFIED,NOT_YET_VERIFIED,DEFERRED,False,False,DEFERRED,UNAVAILABLE,Preserve source evidence and defer; no generated substitute.
Bellum Judaicum,3,Whiston,English,whiston,NOT_YET_VERIFIED,NOT_YET_VERIFIED,DEFERRED,False,False,DEFERRED,UNAVAILABLE,Preserve source evidence and defer; no generated substitute.
Bellum Judaicum,4,Whiston,English,whiston,NOT_YET_VERIFIED,NOT_YET_VERIFIED,DEFERRED,False,False,DEFERRED,UNAVAILABLE,Preserve source evidence and defer; no generated substitute.
Bellum Judaicum,5,Whiston,English,whiston,NOT_YET_VERIFIED,NOT_YET_VERIFIED,DEFERRED,False,False,DEFERRED,UNAVAILABLE,Preserve source evidence and defer; no generated substitute.
Bellum Judaicum,6,Whiston,English,whiston,NOT_YET_VERIFIED,NOT_YET_VERIFIED,DEFERRED,False,False,DEFERRED,UNAVAILABLE,Preserve source evidence and defer; no generated substitute.
Bellum Judaicum,7,Whiston,English,whiston,NOT_YET_VERIFIED,NOT_YET_VERIFIED,DEFERRED,False,False,DEFERRED,UNAVAILABLE,Preserve source evidence and defer; no generated substitute.
Bellum Judaicum,1,Lodge (1602),English,lodge1602,PRESENT_IN_PRODUCTION,VERIFIED_PRESENT,EXISTING_SOURCE_PARATEXT_VERIFIED,True,False,ELIGIBLE,COMPLETE,"Verified source contents display, no inferred navigation targets."
Bellum Judaicum,2,Lodge (1602),English,lodge1602,PRESENT_IN_PRODUCTION,VERIFIED_PRESENT,EXISTING_SOURCE_PARATEXT_VERIFIED,True,False,ELIGIBLE,COMPLETE,"Verified source contents display, no inferred navigation targets."
Bellum Judaicum,3,Lodge (1602),English,lodge1602,PRESENT_IN_PRODUCTION,VERIFIED_PRESENT,EXISTING_SOURCE_PARATEXT_VERIFIED,True,False,ELIGIBLE,COMPLETE,"Verified source contents display, no inferred navigation targets."
Bellum Judaicum,4,Lodge (1602),English,lodge1602,PRESENT_IN_PRODUCTION,VERIFIED_PRESENT,EXISTING_SOURCE_PARATEXT_VERIFIED,True,False,ELIGIBLE,COMPLETE,"Verified source contents display, no inferred navigation targets."
Bellum Judaicum,5,Lodge (1602),English,lodge1602,PRESENT_IN_PRODUCTION,VERIFIED_PRESENT,EXISTING_SOURCE_PARATEXT_VERIFIED,True,False,ELIGIBLE,COMPLETE,"Verified source contents display, no inferred navigation targets."
Bellum Judaicum,6,Lodge (1602),English,lodge1602,PRESENT_IN_PRODUCTION,VERIFIED_PRESENT,EXISTING_SOURCE_PARATEXT_VERIFIED,True,False,ELIGIBLE,COMPLETE,"Verified source contents display, no inferred navigation targets."
Bellum Judaicum,7,Lodge (1602),English,lodge1602,PRESENT_IN_PRODUCTION,VERIFIED_PRESENT,EXISTING_SOURCE_PARATEXT_VERIFIED,True,False,ELIGIBLE,COMPLETE,"Verified source contents display, no inferred navigation targets."
Contra Apionem,1,Niese (1889),Greek,niese,NOT_YET_VERIFIED,NOT_YET_VERIFIED,DEFERRED,False,False,DEFERRED,UNAVAILABLE,Preserve source evidence and defer; no generated substitute.
Contra Apionem,2,Niese (1889),Greek,niese,NOT_YET_VERIFIED,NOT_YET_VERIFIED,DEFERRED,False,False,DEFERRED,UNAVAILABLE,Preserve source evidence and defer; no generated substitute.
Contra Apionem,1,Boysen (1898),Latin,boysen,NOT_YET_VERIFIED,NOT_YET_VERIFIED,DEFERRED,False,False,DEFERRED,UNAVAILABLE,Preserve source evidence and defer; no generated substitute.
Contra Apionem,2,Boysen (1898),Latin,boysen,NOT_YET_VERIFIED,NOT_YET_VERIFIED,DEFERRED,False,False,DEFERRED,UNAVAILABLE,Preserve source evidence and defer; no generated substitute.
Contra Apionem,1,Whiston,English,whiston,NOT_YET_VERIFIED,NOT_YET_VERIFIED,DEFERRED,False,False,DEFERRED,UNAVAILABLE,Preserve source evidence and defer; no generated substitute.
Contra Apionem,2,Whiston,English,whiston,NOT_YET_VERIFIED,NOT_YET_VERIFIED,DEFERRED,False,False,DEFERRED,UNAVAILABLE,Preserve source evidence and defer; no generated substitute.
DEH,1,Ussani (1932),Latin,ussani,NOT_YET_VERIFIED,NOT_YET_VERIFIED,DEFERRED,False,False,DEFERRED,UNAVAILABLE,Preserve source evidence and defer; no generated substitute.
DEH,2,Ussani (1932),Latin,ussani,NOT_YET_VERIFIED,NOT_YET_VERIFIED,DEFERRED,False,False,DEFERRED,UNAVAILABLE,Preserve source evidence and defer; no generated substitute.
DEH,3,Ussani (1932),Latin,ussani,NOT_YET_VERIFIED,NOT_YET_VERIFIED,DEFERRED,False,False,DEFERRED,UNAVAILABLE,Preserve source evidence and defer; no generated substitute.
DEH,4,Ussani (1932),Latin,ussani,NOT_YET_VERIFIED,NOT_YET_VERIFIED,DEFERRED,False,False,DEFERRED,UNAVAILABLE,Preserve source evidence and defer; no generated substitute.
DEH,5,Ussani (1932),Latin,ussani,NOT_YET_VERIFIED,NOT_YET_VERIFIED,DEFERRED,False,False,DEFERRED,UNAVAILABLE,Preserve source evidence and defer; no generated substitute.
DEH,1,Pollard v1.0,English,pollard,SOURCE_HAS_NO_TOC,VERIFIED_NO_TOC,DEFERRED,False,False,DEFERRED,UNAVAILABLE,Preserve source evidence and defer; no generated substitute.
DEH,2,Pollard v1.0,English,pollard,SOURCE_HAS_NO_TOC,VERIFIED_NO_TOC,DEFERRED,False,False,DEFERRED,UNAVAILABLE,Preserve source evidence and defer; no generated substitute.
DEH,3,Pollard v1.0,English,pollard,SOURCE_HAS_NO_TOC,VERIFIED_NO_TOC,DEFERRED,False,False,DEFERRED,UNAVAILABLE,Preserve source evidence and defer; no generated substitute.
DEH,4,Pollard v1.0,English,pollard,SOURCE_HAS_NO_TOC,VERIFIED_NO_TOC,DEFERRED,False,False,DEFERRED,UNAVAILABLE,Preserve source evidence and defer; no generated substitute.
DEH,5,Pollard v1.0,English,pollard,SOURCE_HAS_NO_TOC,VERIFIED_NO_TOC,DEFERRED,False,False,DEFERRED,UNAVAILABLE,Preserve source evidence and defer; no generated substitute.
