number,Niese_printed_page,Niese_PDF_image,Greek_marker_original_byte,Greek_executable_text_byte,Greek_text_node,Greek_codepoint,Latin_start_byte,Latin_codepoint,Latin_text_node,Latin_paragraph,assessment,editorial_status
1,276,290,IMPLICIT,7237,/TEI[1]/text[1]/body[1]/div1[1]/div2[2]/p[1]/anchor[1]/tail(),41,4899,0,/TEI[1]/text[1]/body[1]/div1[1]/div2[2]/p[1]/milestone[1]/tail(),latin-book20-num1,EXACT_START,CLOSED_INDIVIDUAL_REVIEW
2,276,290,7789,7804,/TEI[1]/text[1]/body[1]/div1[1]/div2[2]/p[1]/num[1]/tail(),327,5125,226,/TEI[1]/text[1]/body[1]/div1[1]/div2[2]/p[1]/milestone[1]/tail(),latin-book20-num1,INTERNAL_BUT_EXACT,CLOSED_INDIVIDUAL_REVIEW
3,276,290,8415,8430,/TEI[1]/text[1]/body[1]/div1[1]/div2[2]/p[1]/num[2]/tail(),639,5484,546,/TEI[1]/text[1]/body[1]/div1[1]/div2[2]/p[1]/add[1]/tail(),latin-book20-num1,INTERNAL_BUT_EXACT,CLOSED_INDIVIDUAL_REVIEW
4,276,290,8731,8746,/TEI[1]/text[1]/body[1]/div1[1]/div2[2]/p[1]/num[3]/tail(),793,5638,700,/TEI[1]/text[1]/body[1]/div1[1]/div2[2]/p[1]/add[1]/tail(),latin-book20-num1,INTERNAL_BUT_EXACT,CLOSED_INDIVIDUAL_REVIEW
5,277,291,9151,9166,/TEI[1]/text[1]/body[1]/div1[1]/div2[2]/p[1]/num[4]/tail(),981,5842,871,/TEI[1]/text[1]/body[1]/div1[1]/div2[2]/p[1]/milestone[2]/tail(),latin-book20-num1,INTERNAL_BUT_EXACT,CLOSED_INDIVIDUAL_REVIEW
6,277,291,9625,9640,/TEI[1]/text[1]/body[1]/div1[1]/div2[2]/p[1]/num[5]/tail(),1195,6116,1112,/TEI[1]/text[1]/body[1]/div1[1]/div2[2]/p[1]/milestone[3]/tail(),latin-book20-num1,INTERNAL_BUT_EXACT,CLOSED_INDIVIDUAL_REVIEW
7,277,291,10202,10217,/TEI[1]/text[1]/body[1]/div1[1]/div2[2]/p[1]/num[6]/tail(),1481,6359,1355,/TEI[1]/text[1]/body[1]/div1[1]/div2[2]/p[1]/milestone[3]/tail(),latin-book20-num1,INTERNAL_BUT_EXACT,CLOSED_INDIVIDUAL_REVIEW
8,277,291,11069,11084,/TEI[1]/text[1]/body[1]/div1[1]/div2[2]/p[1]/num[7]/tail(),1914,6832,1763,/TEI[1]/text[1]/body[1]/div1[1]/div2[2]/p[1]/cb[1]/tail(),latin-book20-num1,INTERNAL_BUT_EXACT,CLOSED_INDIVIDUAL_REVIEW
9,277,291,11405,11420,/TEI[1]/text[1]/body[1]/div1[1]/div2[2]/p[1]/num[8]/tail(),2078,6969,1900,/TEI[1]/text[1]/body[1]/div1[1]/div2[2]/p[1]/cb[1]/tail(),latin-book20-num1,INTERNAL_BUT_EXACT,CLOSED_INDIVIDUAL_REVIEW
10,278,292,12103,12119,/TEI[1]/text[1]/body[1]/div1[1]/div2[2]/p[2]/num[1]/tail(),2373,7344,2157,/TEI[1]/text[1]/body[1]/div1[1]/div2[3]/p[1]/milestone[1]/tail(),latin-book20-num10,EXACT_START,CLOSED_INDIVIDUAL_REVIEW
11,278,292,12483,12499,/TEI[1]/text[1]/body[1]/div1[1]/div2[2]/p[2]/num[2]/tail(),2559,7564,2377,/TEI[1]/text[1]/body[1]/div1[1]/div2[3]/p[1]/milestone[1]/tail(),latin-book20-num10,INTERNAL_BUT_EXACT,CLOSED_INDIVIDUAL_REVIEW
12,278,292,12880,12896,/TEI[1]/text[1]/body[1]/div1[1]/div2[2]/p[2]/num[3]/tail(),2753,7773,2570,/TEI[1]/text[1]/body[1]/div1[1]/div2[3]/p[1]/expan[1]/tail(),latin-book20-num10,INTERNAL_BUT_EXACT,CLOSED_INDIVIDUAL_REVIEW
13,278,292,13568,13584,/TEI[1]/text[1]/body[1]/div1[1]/div2[2]/p[2]/num[4]/tail(),3093,8122,2919,/TEI[1]/text[1]/body[1]/div1[1]/div2[3]/p[1]/expan[1]/tail(),latin-book20-num10,INTERNAL_BUT_EXACT,CLOSED_INDIVIDUAL_REVIEW
14,278,292,14251,14267,/TEI[1]/text[1]/body[1]/div1[1]/div2[2]/p[2]/num[5]/tail(),3433,8453,3250,/TEI[1]/text[1]/body[1]/div1[1]/div2[3]/p[1]/expan[1]/tail(),latin-book20-num10,INTERNAL_BUT_EXACT,CLOSED_INDIVIDUAL_REVIEW
15,279,293,14778,14794,/TEI[1]/text[1]/body[1]/div1[1]/div2[2]/p[3]/num[1]/tail(),3661,8726,3482,/TEI[1]/text[1]/body[1]/div1[1]/div2[3]/p[2]/text(),latin-book20-num15,EXACT_START,CLOSED_INDIVIDUAL_REVIEW
16,279,293,15269,15285,/TEI[1]/text[1]/body[1]/div1[1]/div2[2]/p[3]/num[2]/tail(),3905,8923,3679,/TEI[1]/text[1]/body[1]/div1[1]/div2[3]/p[2]/text(),latin-book20-num15,INTERNAL_BUT_EXACT,CLOSED_INDIVIDUAL_REVIEW
17,279,293,15841,15857,/TEI[1]/text[1]/body[1]/div1[1]/div2[2]/p[4]/num[1]/tail(),4135,9224,3849,/TEI[1]/text[1]/body[1]/div1[1]/div2[4]/p[1]/milestone[1]/tail(),latin-book20-num17,EXACT_START,CLOSED_INDIVIDUAL_REVIEW
18,279,293,16131,16147,/TEI[1]/text[1]/body[1]/div1[1]/div2[2]/p[4]/num[2]/tail(),4274,9356,3981,/TEI[1]/text[1]/body[1]/div1[1]/div2[4]/p[1]/milestone[1]/tail(),latin-book20-num17,INTERNAL_BUT_EXACT,CLOSED_INDIVIDUAL_REVIEW
19,279,293,16935,16951,/TEI[1]/text[1]/body[1]/div1[1]/div2[2]/p[4]/num[3]/tail(),4676,9737,4362,/TEI[1]/text[1]/body[1]/div1[1]/div2[4]/p[1]/milestone[1]/tail(),latin-book20-num17,INTERNAL_BUT_EXACT,CLOSED_INDIVIDUAL_REVIEW
20,279,293,17160,17176,/TEI[1]/text[1]/body[1]/div1[1]/div2[2]/p[4]/num[4]/tail(),4782,9835,4460,/TEI[1]/text[1]/body[1]/div1[1]/div2[4]/p[1]/milestone[1]/tail(),latin-book20-num17,INTERNAL_BUT_EXACT,CLOSED_INDIVIDUAL_REVIEW
21,279,293,17507,17523,/TEI[1]/text[1]/body[1]/div1[1]/div2[2]/p[4]/num[5]/tail(),4952,10063,4650,/TEI[1]/text[1]/body[1]/div1[1]/div2[4]/p[1]/add[1]/tail(),latin-book20-num17,INTERNAL_BUT_EXACT,CLOSED_INDIVIDUAL_REVIEW
22,279,293,17817,17833,/TEI[1]/text[1]/body[1]/div1[1]/div2[2]/p[4]/num[6]/tail(),5101,10189,4776,/TEI[1]/text[1]/body[1]/div1[1]/div2[4]/p[1]/add[1]/tail(),latin-book20-num17,INTERNAL_BUT_EXACT,CLOSED_INDIVIDUAL_REVIEW
23,280,294,18577,18593,/TEI[1]/text[1]/body[1]/div1[1]/div2[2]/p[4]/num[7]/tail(),5481,10518,5105,/TEI[1]/text[1]/body[1]/div1[1]/div2[4]/p[1]/add[1]/tail(),latin-book20-num17,INTERNAL_BUT_EXACT,CLOSED_INDIVIDUAL_REVIEW
24,280,294,19037,19053,/TEI[1]/text[1]/body[1]/div1[1]/div2[2]/p[5]/num[1]/tail(),5675,10716,5262,/TEI[1]/text[1]/body[1]/div1[1]/div2[4]/p[2]/text(),latin-book20-num24,EXACT_START,CLOSED_INDIVIDUAL_REVIEW
25,280,294,19484,19500,/TEI[1]/text[1]/body[1]/div1[1]/div2[2]/p[5]/num[2]/tail(),5895,10956,5502,/TEI[1]/text[1]/body[1]/div1[1]/div2[4]/p[2]/text(),latin-book20-num24,INTERNAL_BUT_EXACT,CLOSED_INDIVIDUAL_REVIEW
26,280,294,19876,19892,/TEI[1]/text[1]/body[1]/div1[1]/div2[2]/p[5]/num[3]/tail(),6088,11165,5646,/TEI[1]/text[1]/body[1]/div1[1]/div2[4]/p[2]/cb[1]/tail(),latin-book20-num24,PARTIAL_CORRESPONDENCE,CLOSED_INDIVIDUAL_REVIEW
27,280,294,20338,20354,/TEI[1]/text[1]/body[1]/div1[1]/div2[2]/p[5]/num[4]/tail(),6318,,,,,NO_INDEPENDENT_LATIN_INTERVAL,CLOSED_INDIVIDUAL_REVIEW
28,281,295,20880,20896,/TEI[1]/text[1]/body[1]/div1[1]/div2[2]/p[5]/num[5]/tail(),6587,,,,,NO_INDEPENDENT_LATIN_INTERVAL,CLOSED_INDIVIDUAL_REVIEW
29,281,295,21480,21496,/TEI[1]/text[1]/body[1]/div1[1]/div2[2]/p[5]/num[6]/tail(),6882,,,,,NO_INDEPENDENT_LATIN_INTERVAL,CLOSED_INDIVIDUAL_REVIEW
30,281,295,21958,21974,/TEI[1]/text[1]/body[1]/div1[1]/div2[2]/p[5]/num[7]/tail(),7116,,,,,NO_INDEPENDENT_LATIN_INTERVAL,CLOSED_INDIVIDUAL_REVIEW
31,281,295,22377,22393,/TEI[1]/text[1]/body[1]/div1[1]/div2[2]/p[5]/num[8]/tail(),7320,,,,,NO_INDEPENDENT_LATIN_INTERVAL,CLOSED_INDIVIDUAL_REVIEW
32,281,295,22847,22863,/TEI[1]/text[1]/body[1]/div1[1]/div2[2]/p[5]/num[9]/tail(),7551,,,,,NO_INDEPENDENT_LATIN_INTERVAL,CLOSED_INDIVIDUAL_REVIEW
33,281,295,23362,23378,/TEI[1]/text[1]/body[1]/div1[1]/div2[2]/p[5]/num[10]/tail(),7809,,,,,NO_INDEPENDENT_LATIN_INTERVAL,CLOSED_INDIVIDUAL_REVIEW
34,282,296,23680,23696,/TEI[1]/text[1]/body[1]/div1[1]/div2[2]/p[6]/num[1]/tail(),7926,,,,,NO_INDEPENDENT_LATIN_INTERVAL,CLOSED_INDIVIDUAL_REVIEW
35,282,296,24069,24085,/TEI[1]/text[1]/body[1]/div1[1]/div2[2]/p[6]/num[2]/tail(),8117,,,,,NO_INDEPENDENT_LATIN_INTERVAL,CLOSED_INDIVIDUAL_REVIEW
36,282,296,24646,24662,/TEI[1]/text[1]/body[1]/div1[1]/div2[2]/p[6]/num[3]/tail(),8400,,,,,NO_INDEPENDENT_LATIN_INTERVAL,CLOSED_INDIVIDUAL_REVIEW
37,282,296,24981,24997,/TEI[1]/text[1]/body[1]/div1[1]/div2[2]/p[6]/num[4]/tail(),8564,11313,5746,/TEI[1]/text[1]/body[1]/div1[1]/div2[4]/p[3]/lb[1]/tail(),latin-book20-num34,PARTIAL_CORRESPONDENCE,CLOSED_INDIVIDUAL_REVIEW
38,282,296,25612,25628,/TEI[1]/text[1]/body[1]/div1[1]/div2[2]/p[7]/num[1]/tail(),8841,11386,5778,/TEI[1]/text[1]/body[1]/div1[1]/div2[4]/p[4]/text(),latin-book20-num38,EXACT_START,CLOSED_INDIVIDUAL_REVIEW
39,282,296,26002,26018,/TEI[1]/text[1]/body[1]/div1[1]/div2[2]/p[7]/num[2]/tail(),9034,11558,5950,/TEI[1]/text[1]/body[1]/div1[1]/div2[4]/p[4]/text(),latin-book20-num38,INTERNAL_BUT_EXACT,CLOSED_INDIVIDUAL_REVIEW
40,282,296,26499,26515,/TEI[1]/text[1]/body[1]/div1[1]/div2[2]/p[7]/num[3]/tail(),9281,11793,6185,/TEI[1]/text[1]/body[1]/div1[1]/div2[4]/p[4]/text(),latin-book20-num38,INTERNAL_BUT_EXACT,CLOSED_INDIVIDUAL_REVIEW
41,283,297,26852,26868,/TEI[1]/text[1]/body[1]/div1[1]/div2[2]/p[7]/num[4]/tail(),9454,11956,6348,/TEI[1]/text[1]/body[1]/div1[1]/div2[4]/p[4]/text(),latin-book20-num38,INTERNAL_BUT_EXACT,CLOSED_INDIVIDUAL_REVIEW
42,283,297,27505,27521,/TEI[1]/text[1]/body[1]/div1[1]/div2[2]/p[7]/num[5]/tail(),9781,12306,6696,/TEI[1]/text[1]/body[1]/div1[1]/div2[4]/p[4]/text(),latin-book20-num38,INTERNAL_BUT_EXACT,CLOSED_INDIVIDUAL_REVIEW
43,283,297,27813,27829,/TEI[1]/text[1]/body[1]/div1[1]/div2[2]/p[7]/num[6]/tail(),9932,12452,6842,/TEI[1]/text[1]/body[1]/div1[1]/div2[4]/p[4]/text(),latin-book20-num38,INTERNAL_BUT_EXACT,CLOSED_INDIVIDUAL_REVIEW
44,283,297,28207,28223,/TEI[1]/text[1]/body[1]/div1[1]/div2[2]/p[7]/num[7]/tail(),10126,12640,7030,/TEI[1]/text[1]/body[1]/div1[1]/div2[4]/p[4]/text(),latin-book20-num38,INTERNAL_BUT_EXACT,CLOSED_INDIVIDUAL_REVIEW
45,283,297,28735,28751,/TEI[1]/text[1]/body[1]/div1[1]/div2[2]/p[7]/num[8]/tail(),10387,12856,7246,/TEI[1]/text[1]/body[1]/div1[1]/div2[4]/p[4]/text(),latin-book20-num38,INTERNAL_BUT_EXACT,CLOSED_INDIVIDUAL_REVIEW
46,283,297,28989,29005,/TEI[1]/text[1]/body[1]/div1[1]/div2[2]/p[7]/num[9]/tail(),10510,13023,7413,/TEI[1]/text[1]/body[1]/div1[1]/div2[4]/p[4]/text(),latin-book20-num38,INTERNAL_BUT_EXACT,CLOSED_INDIVIDUAL_REVIEW
47,283,297,29459,29475,/TEI[1]/text[1]/body[1]/div1[1]/div2[2]/p[7]/num[10]/tail(),10741,13235,7612,/TEI[1]/text[1]/body[1]/div1[1]/div2[4]/p[4]/cb[1]/tail(),latin-book20-num38,INTERNAL_BUT_EXACT,CLOSED_INDIVIDUAL_REVIEW
48,284,298,30031,30047,/TEI[1]/text[1]/body[1]/div1[1]/div2[2]/p[7]/num[11]/tail(),11020,13494,7871,/TEI[1]/text[1]/body[1]/div1[1]/div2[4]/p[4]/cb[1]/tail(),latin-book20-num38,INTERNAL_BUT_EXACT,CLOSED_INDIVIDUAL_REVIEW
49,284,298,30775,30791,/TEI[1]/text[1]/body[1]/div1[1]/div2[2]/p[8]/num[1]/tail(),11354,13870,8206,/TEI[1]/text[1]/body[1]/div1[1]/div2[4]/p[5]/text(),latin-book20-num49,EXACT_START,CLOSED_INDIVIDUAL_REVIEW
50,284,298,31495,31511,/TEI[1]/text[1]/body[1]/div1[1]/div2[2]/p[8]/num[2]/tail(),11711,14195,8531,/TEI[1]/text[1]/body[1]/div1[1]/div2[4]/p[5]/text(),latin-book20-num49,INTERNAL_BUT_EXACT,CLOSED_INDIVIDUAL_REVIEW
51,284,298,31933,31949,/TEI[1]/text[1]/body[1]/div1[1]/div2[2]/p[8]/num[3]/tail(),11927,14370,8706,/TEI[1]/text[1]/body[1]/div1[1]/div2[4]/p[5]/text(),latin-book20-num49,INTERNAL_BUT_EXACT,CLOSED_INDIVIDUAL_REVIEW
52,284,298,32614,32630,/TEI[1]/text[1]/body[1]/div1[1]/div2[2]/p[8]/num[4]/tail(),12248,14723,9026,/TEI[1]/text[1]/body[1]/div1[1]/div2[4]/p[5]/milestone[1]/tail(),latin-book20-num49,INTERNAL_BUT_EXACT,CLOSED_INDIVIDUAL_REVIEW
53,285,299,32923,32939,/TEI[1]/text[1]/body[1]/div1[1]/div2[2]/p[8]/num[5]/tail(),12398,14875,9178,/TEI[1]/text[1]/body[1]/div1[1]/div2[4]/p[5]/milestone[1]/tail(),latin-book20-num49,INTERNAL_BUT_EXACT,CLOSED_INDIVIDUAL_REVIEW
54,285,299,33389,33405,/TEI[1]/text[1]/body[1]/div1[1]/div2[2]/p[9]/num[1]/tail(),12590,15105,9367,/TEI[1]/text[1]/body[1]/div1[1]/div2[4]/p[6]/text(),latin-book20-num54,EXACT_START,CLOSED_INDIVIDUAL_REVIEW
55,285,299,33887,33903,/TEI[1]/text[1]/body[1]/div1[1]/div2[2]/p[9]/num[2]/tail(),12835,15411,9608,/TEI[1]/text[1]/body[1]/div1[1]/div2[4]/p[6]/cb[1]/tail(),latin-book20-num54,INTERNAL_BUT_EXACT,CLOSED_INDIVIDUAL_REVIEW
56,285,299,34128,34144,/TEI[1]/text[1]/body[1]/div1[1]/div2[2]/p[9]/num[3]/tail(),12949,15495,9692,/TEI[1]/text[1]/body[1]/div1[1]/div2[4]/p[6]/cb[1]/tail(),latin-book20-num54,INTERNAL_BUT_EXACT,CLOSED_INDIVIDUAL_REVIEW
57,285,299,34731,34747,/TEI[1]/text[1]/body[1]/div1[1]/div2[2]/p[9]/num[4]/tail(),13249,15851,10028,/TEI[1]/text[1]/body[1]/div1[1]/div2[4]/p[6]/del[1]/tail(),latin-book20-num54,INTERNAL_BUT_EXACT,CLOSED_INDIVIDUAL_REVIEW
58,286,300,35095,35111,/TEI[1]/text[1]/body[1]/div1[1]/div2[2]/p[9]/num[5]/tail(),13427,16033,10210,/TEI[1]/text[1]/body[1]/div1[1]/div2[4]/p[6]/del[1]/tail(),latin-book20-num54,INTERNAL_BUT_EXACT,CLOSED_INDIVIDUAL_REVIEW
59,286,300,35448,35464,/TEI[1]/text[1]/body[1]/div1[1]/div2[2]/p[9]/num[6]/tail(),13599,16208,10385,/TEI[1]/text[1]/body[1]/div1[1]/div2[4]/p[6]/del[1]/tail(),latin-book20-num54,INTERNAL_BUT_EXACT,CLOSED_INDIVIDUAL_REVIEW
60,286,300,35966,35982,/TEI[1]/text[1]/body[1]/div1[1]/div2[2]/p[10]/num[1]/tail(),13825,16474,10610,/TEI[1]/text[1]/body[1]/div1[1]/div2[4]/p[7]/text(),latin-book20-num60,EXACT_START,CLOSED_INDIVIDUAL_REVIEW
61,286,300,36512,36528,/TEI[1]/text[1]/body[1]/div1[1]/div2[2]/p[10]/num[2]/tail(),14095,16749,10885,/TEI[1]/text[1]/body[1]/div1[1]/div2[4]/p[7]/text(),latin-book20-num60,INTERNAL_BUT_EXACT,CLOSED_INDIVIDUAL_REVIEW
62,286,300,37122,37138,/TEI[1]/text[1]/body[1]/div1[1]/div2[2]/p[10]/num[3]/tail(),14398,17071,11207,/TEI[1]/text[1]/body[1]/div1[1]/div2[4]/p[7]/text(),latin-book20-num60,INTERNAL_BUT_EXACT,CLOSED_INDIVIDUAL_REVIEW
63,286,300,37448,37464,/TEI[1]/text[1]/body[1]/div1[1]/div2[2]/p[10]/num[4]/tail(),14558,17215,11351,/TEI[1]/text[1]/body[1]/div1[1]/div2[4]/p[7]/text(),latin-book20-num60,INTERNAL_BUT_EXACT,CLOSED_INDIVIDUAL_REVIEW
64,287,301,37868,37884,/TEI[1]/text[1]/body[1]/div1[1]/div2[2]/p[10]/num[5]/tail(),14767,17411,11534,/TEI[1]/text[1]/body[1]/div1[1]/div2[4]/p[7]/cb[1]/tail(),latin-book20-num60,INTERNAL_BUT_EXACT,CLOSED_INDIVIDUAL_REVIEW
65,287,301,38285,38301,/TEI[1]/text[1]/body[1]/div1[1]/div2[2]/p[10]/num[6]/tail(),14970,17505,11628,/TEI[1]/text[1]/body[1]/div1[1]/div2[4]/p[7]/cb[1]/tail(),latin-book20-num60,INTERNAL_BUT_EXACT,CLOSED_INDIVIDUAL_REVIEW
66,287,301,38681,38697,/TEI[1]/text[1]/body[1]/div1[1]/div2[2]/p[11]/num[1]/tail(),15128,17700,11782,/TEI[1]/text[1]/body[1]/div1[1]/div2[4]/p[8]/text(),latin-book20-num66,EXACT_START,CLOSED_INDIVIDUAL_REVIEW
67,287,301,39136,39152,/TEI[1]/text[1]/body[1]/div1[1]/div2[2]/p[11]/num[2]/tail(),15348,17886,11968,/TEI[1]/text[1]/body[1]/div1[1]/div2[4]/p[8]/text(),latin-book20-num66,INTERNAL_BUT_EXACT,CLOSED_INDIVIDUAL_REVIEW
68,287,301,39409,39425,/TEI[1]/text[1]/body[1]/div1[1]/div2[2]/p[11]/num[3]/tail(),15481,17993,12075,/TEI[1]/text[1]/body[1]/div1[1]/div2[4]/p[8]/text(),latin-book20-num66,INTERNAL_BUT_EXACT,CLOSED_INDIVIDUAL_REVIEW
69,287,301,40028,40044,/TEI[1]/text[1]/body[1]/div1[1]/div2[2]/p[12]/num[1]/tail(),15754,18259,12300,/TEI[1]/text[1]/body[1]/div1[1]/div2[4]/p[9]/text(),latin-book20-num69,EXACT_START,CLOSED_INDIVIDUAL_REVIEW
70,287,301,40465,40481,/TEI[1]/text[1]/body[1]/div1[1]/div2[2]/p[12]/num[2]/tail(),15969,18419,12460,/TEI[1]/text[1]/body[1]/div1[1]/div2[4]/p[9]/text(),latin-book20-num69,INTERNAL_BUT_EXACT,CLOSED_INDIVIDUAL_REVIEW
71,288,302,40700,40716,/TEI[1]/text[1]/body[1]/div1[1]/div2[2]/p[12]/num[3]/tail(),16081,18545,12586,/TEI[1]/text[1]/body[1]/div1[1]/div2[4]/p[9]/text(),latin-book20-num69,INTERNAL_BUT_EXACT,CLOSED_INDIVIDUAL_REVIEW
72,288,302,41427,41443,/TEI[1]/text[1]/body[1]/div1[1]/div2[2]/p[12]/num[4]/tail(),16444,18911,12951,/TEI[1]/text[1]/body[1]/div1[1]/div2[4]/p[9]/text(),latin-book20-num69,INTERNAL_BUT_EXACT,CLOSED_INDIVIDUAL_REVIEW
73,288,302,41782,41798,/TEI[1]/text[1]/body[1]/div1[1]/div2[2]/p[12]/num[5]/tail(),16616,19078,13118,/TEI[1]/text[1]/body[1]/div1[1]/div2[4]/p[9]/text(),latin-book20-num69,INTERNAL_BUT_EXACT,CLOSED_INDIVIDUAL_REVIEW
74,288,302,42103,42119,/TEI[1]/text[1]/body[1]/div1[1]/div2[2]/p[12]/num[6]/tail(),16771,19323,13298,/TEI[1]/text[1]/body[1]/div1[1]/div2[4]/p[9]/cb[1]/tail(),latin-book20-num69,INTERNAL_BUT_EXACT,CLOSED_INDIVIDUAL_REVIEW
75,288,302,42653,42669,/TEI[1]/text[1]/body[1]/div1[1]/div2[2]/p[13]/num[1]/tail(),17007,19582,13516,/TEI[1]/text[1]/body[1]/div1[1]/div2[4]/p[10]/text(),latin-book20-num75,EXACT_START,CLOSED_INDIVIDUAL_REVIEW
76,288,302,43117,43133,/TEI[1]/text[1]/body[1]/div1[1]/div2[2]/p[13]/num[2]/tail(),17234,19828,13762,/TEI[1]/text[1]/body[1]/div1[1]/div2[4]/p[10]/text(),latin-book20-num75,INTERNAL_BUT_EXACT,CLOSED_INDIVIDUAL_REVIEW
77,289,303,43542,43558,/TEI[1]/text[1]/body[1]/div1[1]/div2[2]/p[13]/num[3]/tail(),17442,19979,13913,/TEI[1]/text[1]/body[1]/div1[1]/div2[4]/p[10]/text(),latin-book20-num75,INTERNAL_BUT_EXACT,CLOSED_INDIVIDUAL_REVIEW
78,289,303,44218,44234,/TEI[1]/text[1]/body[1]/div1[1]/div2[2]/p[13]/num[4]/tail(),17781,20319,14253,/TEI[1]/text[1]/body[1]/div1[1]/div2[4]/p[10]/text(),latin-book20-num75,INTERNAL_BUT_EXACT,CLOSED_INDIVIDUAL_REVIEW
79,289,303,44730,44746,/TEI[1]/text[1]/body[1]/div1[1]/div2[2]/p[13]/num[5]/tail(),18036,20550,14484,/TEI[1]/text[1]/body[1]/div1[1]/div2[4]/p[10]/text(),latin-book20-num75,INTERNAL_BUT_EXACT,CLOSED_INDIVIDUAL_REVIEW
80,289,303,45249,45265,/TEI[1]/text[1]/body[1]/div1[1]/div2[2]/p[13]/num[6]/tail(),18293,20797,14731,/TEI[1]/text[1]/body[1]/div1[1]/div2[4]/p[10]/text(),latin-book20-num75,INTERNAL_BUT_EXACT,CLOSED_INDIVIDUAL_REVIEW
81,289,303,45918,45934,/TEI[1]/text[1]/body[1]/div1[1]/div2[2]/p[14]/num[1]/tail(),18592,21184,15077,/TEI[1]/text[1]/body[1]/div1[1]/div2[4]/p[11]/text(),latin-book20-num81,EXACT_START,CLOSED_INDIVIDUAL_REVIEW
82,290,304,46682,46698,/TEI[1]/text[1]/body[1]/div1[1]/div2[2]/p[14]/num[2]/tail(),18972,21563,15443,/TEI[1]/text[1]/body[1]/div1[1]/div2[4]/p[11]/cb[1]/tail(),latin-book20-num81,INTERNAL_BUT_EXACT,CLOSED_INDIVIDUAL_REVIEW
83,290,304,47059,47075,/TEI[1]/text[1]/body[1]/div1[1]/div2[2]/p[14]/num[3]/tail(),19157,21737,15617,/TEI[1]/text[1]/body[1]/div1[1]/div2[4]/p[11]/cb[1]/tail(),latin-book20-num81,INTERNAL_BUT_EXACT,CLOSED_INDIVIDUAL_REVIEW
84,290,304,47379,47395,/TEI[1]/text[1]/body[1]/div1[1]/div2[2]/p[14]/num[4]/tail(),19314,21876,15756,/TEI[1]/text[1]/body[1]/div1[1]/div2[4]/p[11]/cb[1]/tail(),latin-book20-num81,INTERNAL_BUT_EXACT,CLOSED_INDIVIDUAL_REVIEW
85,290,304,47647,47663,/TEI[1]/text[1]/body[1]/div1[1]/div2[2]/p[14]/num[5]/tail(),19443,22031,15911,/TEI[1]/text[1]/body[1]/div1[1]/div2[4]/p[11]/cb[1]/tail(),latin-book20-num81,INTERNAL_BUT_EXACT,CLOSED_INDIVIDUAL_REVIEW
86,290,304,48160,48176,/TEI[1]/text[1]/body[1]/div1[1]/div2[2]/p[14]/num[6]/tail(),19702,22237,16117,/TEI[1]/text[1]/body[1]/div1[1]/div2[4]/p[11]/cb[1]/tail(),latin-book20-num81,INTERNAL_BUT_EXACT,CLOSED_INDIVIDUAL_REVIEW
87,290,304,48725,48741,/TEI[1]/text[1]/body[1]/div1[1]/div2[2]/p[14]/num[7]/tail(),19983,22533,16413,/TEI[1]/text[1]/body[1]/div1[1]/div2[4]/p[11]/cb[1]/tail(),latin-book20-num81,INTERNAL_BUT_EXACT,CLOSED_INDIVIDUAL_REVIEW
88,291,305,49163,49179,/TEI[1]/text[1]/body[1]/div1[1]/div2[2]/p[14]/num[8]/tail(),20199,22730,16610,/TEI[1]/text[1]/body[1]/div1[1]/div2[4]/p[11]/cb[1]/tail(),latin-book20-num81,INTERNAL_BUT_EXACT,CLOSED_INDIVIDUAL_REVIEW
89,291,305,49474,49490,/TEI[1]/text[1]/body[1]/div1[1]/div2[2]/p[14]/num[9]/tail(),20350,22885,16765,/TEI[1]/text[1]/body[1]/div1[1]/div2[4]/p[11]/cb[1]/tail(),latin-book20-num81,INTERNAL_BUT_EXACT,CLOSED_INDIVIDUAL_REVIEW
90,291,305,50188,50204,/TEI[1]/text[1]/body[1]/div1[1]/div2[2]/p[14]/num[10]/tail(),20707,23265,17080,/TEI[1]/text[1]/body[1]/div1[1]/div2[4]/p[11]/cb[2]/tail(),latin-book20-num81,INTERNAL_BUT_EXACT,CLOSED_INDIVIDUAL_REVIEW
91,291,305,50643,50659,/TEI[1]/text[1]/body[1]/div1[1]/div2[2]/p[14]/num[11]/tail(),20934,23513,17328,/TEI[1]/text[1]/body[1]/div1[1]/div2[4]/p[11]/cb[2]/tail(),latin-book20-num81,INTERNAL_BUT_EXACT,CLOSED_INDIVIDUAL_REVIEW
92,291,305,51446,51462,/TEI[1]/text[1]/body[1]/div1[1]/div2[2]/p[15]/num[1]/tail(),21298,23950,17724,/TEI[1]/text[1]/body[1]/div1[1]/div2[4]/p[12]/text(),latin-book20-num92,EXACT_START,CLOSED_INDIVIDUAL_REVIEW
93,292,306,51866,51882,/TEI[1]/text[1]/body[1]/div1[1]/div2[2]/p[15]/num[2]/tail(),21505,24205,17903,/TEI[1]/text[1]/body[1]/div1[1]/div2[4]/p[12]/add[2]/tail(),latin-book20-num92,INTERNAL_BUT_EXACT,CLOSED_INDIVIDUAL_REVIEW
94,292,306,52252,52268,/TEI[1]/text[1]/body[1]/div1[1]/div2[2]/p[15]/num[3]/tail(),21692,24350,18048,/TEI[1]/text[1]/body[1]/div1[1]/div2[4]/p[12]/add[2]/tail(),latin-book20-num92,INTERNAL_BUT_EXACT,CLOSED_INDIVIDUAL_REVIEW
95,292,306,52868,52884,/TEI[1]/text[1]/body[1]/div1[1]/div2[2]/p[15]/num[4]/tail(),21997,24686,18384,/TEI[1]/text[1]/body[1]/div1[1]/div2[4]/p[12]/add[2]/tail(),latin-book20-num92,INTERNAL_BUT_EXACT,CLOSED_INDIVIDUAL_REVIEW
96,292,306,53276,53292,/TEI[1]/text[1]/body[1]/div1[1]/div2[2]/p[15]/num[5]/tail(),22199,24866,18564,/TEI[1]/text[1]/body[1]/div1[1]/div2[4]/p[12]/add[2]/tail(),latin-book20-num92,INTERNAL_BUT_EXACT,CLOSED_INDIVIDUAL_REVIEW
97,292,306,53539,53555,/TEI[1]/text[1]/body[1]/div1[1]/div2[2]/p[16]/num[1]/tail(),22289,24986,18643,/TEI[1]/text[1]/body[1]/div1[1]/div2[4]/p[13]/text(),latin-book20-num97,EXACT_START,CLOSED_INDIVIDUAL_REVIEW
98,292,306,54062,54078,/TEI[1]/text[1]/body[1]/div1[1]/div2[2]/p[16]/num[2]/tail(),22548,25250,18907,/TEI[1]/text[1]/body[1]/div1[1]/div2[4]/p[13]/text(),latin-book20-num97,INTERNAL_BUT_EXACT,CLOSED_INDIVIDUAL_REVIEW
99,292,306,54647,54663,/TEI[1]/text[1]/body[1]/div1[1]/div2[2]/p[16]/num[3]/tail(),22835,25628,19210,/TEI[1]/text[1]/body[1]/div1[1]/div2[4]/p[13]/cb[1]/tail(),latin-book20-num97,INTERNAL_BUT_EXACT,CLOSED_INDIVIDUAL_REVIEW
100,293,307,54958,54975,/TEI[1]/text[1]/body[1]/div1[1]/div2[2]/p[17]/num[1]/tail(),22932,25825,19288,/TEI[1]/text[1]/body[1]/div1[1]/div2[5]/p[1]/milestone[1]/tail(),latin-book20-num100,EXACT_START,CLOSED_INDIVIDUAL_REVIEW
101,293,307,55484,55501,/TEI[1]/text[1]/body[1]/div1[1]/div2[2]/p[17]/num[2]/tail(),23191,26107,19570,/TEI[1]/text[1]/body[1]/div1[1]/div2[5]/p[1]/milestone[1]/tail(),latin-book20-num100,INTERNAL_BUT_EXACT,CLOSED_INDIVIDUAL_REVIEW
102,293,307,55873,55890,/TEI[1]/text[1]/body[1]/div1[1]/div2[2]/p[17]/num[3]/tail(),23382,26273,19736,/TEI[1]/text[1]/body[1]/div1[1]/div2[5]/p[1]/milestone[1]/tail(),latin-book20-num100,INTERNAL_BUT_EXACT,CLOSED_INDIVIDUAL_REVIEW
103,293,307,56369,56386,/TEI[1]/text[1]/body[1]/div1[1]/div2[2]/p[17]/num[4]/tail(),23611,26497,19927,/TEI[1]/text[1]/body[1]/div1[1]/div2[5]/p[1]/milestone[2]/tail(),latin-book20-num100,INTERNAL_BUT_EXACT,CLOSED_INDIVIDUAL_REVIEW
104,293,307,56761,56778,/TEI[1]/text[1]/body[1]/div1[1]/div2[2]/p[17]/num[5]/tail(),23802,26638,20068,/TEI[1]/text[1]/body[1]/div1[1]/div2[5]/p[1]/milestone[2]/tail(),latin-book20-num100,INTERNAL_BUT_EXACT,CLOSED_INDIVIDUAL_REVIEW
105,294,308,57501,57518,/TEI[1]/text[1]/body[1]/div1[1]/div2[2]/p[18]/num[1]/tail(),24114,27031,20342,/TEI[1]/text[1]/body[1]/div1[1]/div2[6]/p[1]/milestone[1]/tail(),latin-book20-num105,EXACT_START,CLOSED_INDIVIDUAL_REVIEW
106,294,308,57909,57926,/TEI[1]/text[1]/body[1]/div1[1]/div2[2]/p[18]/num[2]/tail(),24314,27241,20552,/TEI[1]/text[1]/body[1]/div1[1]/div2[6]/p[1]/milestone[1]/tail(),latin-book20-num105,INTERNAL_BUT_EXACT,CLOSED_INDIVIDUAL_REVIEW
107,294,308,58589,58606,/TEI[1]/text[1]/body[1]/div1[1]/div2[2]/p[18]/num[3]/tail(),24654,27596,20907,/TEI[1]/text[1]/body[1]/div1[1]/div2[6]/p[1]/milestone[1]/tail(),latin-book20-num105,INTERNAL_BUT_EXACT,CLOSED_INDIVIDUAL_REVIEW
108,294,308,58769,58786,/TEI[1]/text[1]/body[1]/div1[1]/div2[2]/p[18]/num[4]/tail(),24736,27736,20982,/TEI[1]/text[1]/body[1]/div1[1]/div2[6]/p[1]/cb[1]/tail(),latin-book20-num105,INTERNAL_BUT_EXACT,CLOSED_INDIVIDUAL_REVIEW
109,294,308,59343,59360,/TEI[1]/text[1]/body[1]/div1[1]/div2[2]/p[18]/num[5]/tail(),25017,28061,21307,/TEI[1]/text[1]/body[1]/div1[1]/div2[6]/p[1]/cb[1]/tail(),latin-book20-num105,INTERNAL_BUT_EXACT,CLOSED_INDIVIDUAL_REVIEW
110,294,308,59678,59695,/TEI[1]/text[1]/body[1]/div1[1]/div2[2]/p[18]/num[6]/tail(),25180,28216,21462,/TEI[1]/text[1]/body[1]/div1[1]/div2[6]/p[1]/cb[1]/tail(),latin-book20-num105,INTERNAL_BUT_EXACT,CLOSED_INDIVIDUAL_REVIEW
111,294,308,60073,60090,/TEI[1]/text[1]/body[1]/div1[1]/div2[2]/p[18]/num[7]/tail(),25376,28411,21657,/TEI[1]/text[1]/body[1]/div1[1]/div2[6]/p[1]/cb[1]/tail(),latin-book20-num105,INTERNAL_BUT_EXACT,CLOSED_INDIVIDUAL_REVIEW
112,295,309,60554,60571,/TEI[1]/text[1]/body[1]/div1[1]/div2[2]/p[18]/num[8]/tail(),25614,28632,21878,/TEI[1]/text[1]/body[1]/div1[1]/div2[6]/p[1]/cb[1]/tail(),latin-book20-num105,INTERNAL_BUT_EXACT,CLOSED_INDIVIDUAL_REVIEW
113,295,309,61162,61179,/TEI[1]/text[1]/body[1]/div1[1]/div2[2]/p[19]/num[1]/tail(),25879,28930,22134,/TEI[1]/text[1]/body[1]/div1[1]/div2[6]/p[2]/text(),latin-book20-num113,EXACT_START,CLOSED_INDIVIDUAL_REVIEW
114,295,309,61684,61701,/TEI[1]/text[1]/body[1]/div1[1]/div2[2]/p[19]/num[2]/tail(),26135,29212,22416,/TEI[1]/text[1]/body[1]/div1[1]/div2[6]/p[2]/text(),latin-book20-num113,INTERNAL_BUT_EXACT,CLOSED_INDIVIDUAL_REVIEW
115,295,309,62012,62029,/TEI[1]/text[1]/body[1]/div1[1]/div2[2]/p[19]/num[3]/tail(),26294,29331,22535,/TEI[1]/text[1]/body[1]/div1[1]/div2[6]/p[2]/text(),latin-book20-num113,INTERNAL_BUT_EXACT,CLOSED_INDIVIDUAL_REVIEW
116,295,309,62365,62382,/TEI[1]/text[1]/body[1]/div1[1]/div2[2]/p[19]/num[4]/tail(),26468,29504,22708,/TEI[1]/text[1]/body[1]/div1[1]/div2[6]/p[2]/text(),latin-book20-num113,INTERNAL_BUT_EXACT,CLOSED_INDIVIDUAL_REVIEW
117,296,310,62929,62946,/TEI[1]/text[1]/body[1]/div1[1]/div2[2]/p[19]/num[5]/tail(),26746,29806,22997,/TEI[1]/text[1]/body[1]/div1[1]/div2[6]/p[2]/cb[1]/tail(),latin-book20-num113,INTERNAL_BUT_EXACT,CLOSED_INDIVIDUAL_REVIEW
118,296,310,63369,63386,/TEI[1]/text[1]/body[1]/div1[1]/div2[2]/p[20]/num[1]/tail(),26911,30082,23152,/TEI[1]/text[1]/body[1]/div1[1]/div2[7]/p[1]/milestone[1]/tail(),latin-book20-num118,EXACT_START,CLOSED_INDIVIDUAL_REVIEW
119,296,310,64039,64056,/TEI[1]/text[1]/body[1]/div1[1]/div2[2]/p[20]/num[2]/tail(),27246,30428,23497,/TEI[1]/text[1]/body[1]/div1[1]/div2[7]/p[1]/milestone[1]/tail(),latin-book20-num118,INTERNAL_BUT_EXACT,CLOSED_INDIVIDUAL_REVIEW
120,296,310,64409,64426,/TEI[1]/text[1]/body[1]/div1[1]/div2[2]/p[20]/num[3]/tail(),27427,30611,23680,/TEI[1]/text[1]/body[1]/div1[1]/div2[7]/p[1]/milestone[1]/tail(),latin-book20-num118,INTERNAL_BUT_EXACT,CLOSED_INDIVIDUAL_REVIEW
121,296,310,64841,64858,/TEI[1]/text[1]/body[1]/div1[1]/div2[2]/p[20]/num[4]/tail(),27636,30806,23875,/TEI[1]/text[1]/body[1]/div1[1]/div2[7]/p[1]/milestone[1]/tail(),latin-book20-num118,INTERNAL_BUT_EXACT,CLOSED_INDIVIDUAL_REVIEW
122,296,310,65536,65553,/TEI[1]/text[1]/body[1]/div1[1]/div2[2]/p[20]/num[5]/tail(),27983,31113,24182,/TEI[1]/text[1]/body[1]/div1[1]/div2[7]/p[1]/milestone[1]/tail(),latin-book20-num118,INTERNAL_BUT_EXACT,CLOSED_INDIVIDUAL_REVIEW
123,297,311,66005,66022,/TEI[1]/text[1]/body[1]/div1[1]/div2[2]/p[20]/num[6]/tail(),28212,31331,24400,/TEI[1]/text[1]/body[1]/div1[1]/div2[7]/p[1]/milestone[1]/tail(),latin-book20-num118,INTERNAL_BUT_EXACT,CLOSED_INDIVIDUAL_REVIEW
124,297,311,66928,66945,/TEI[1]/text[1]/body[1]/div1[1]/div2[2]/p[20]/num[7]/tail(),28670,31849,24853,/TEI[1]/text[1]/body[1]/div1[1]/div2[7]/p[1]/cb[1]/tail(),latin-book20-num118,INTERNAL_BUT_EXACT,CLOSED_INDIVIDUAL_REVIEW
125,297,311,67319,67336,/TEI[1]/text[1]/body[1]/div1[1]/div2[2]/p[21]/num[1]/tail(),28824,32043,25005,/TEI[1]/text[1]/body[1]/div1[1]/div2[7]/p[2]/text(),latin-book20-num125,EXACT_START,CLOSED_INDIVIDUAL_REVIEW
126,297,311,67724,67741,/TEI[1]/text[1]/body[1]/div1[1]/div2[2]/p[21]/num[2]/tail(),29023,32218,25179,/TEI[1]/text[1]/body[1]/div1[1]/div2[7]/p[2]/text(),latin-book20-num125,INTERNAL_BUT_EXACT,CLOSED_INDIVIDUAL_REVIEW
127,297,311,68225,68242,/TEI[1]/text[1]/body[1]/div1[1]/div2[2]/p[21]/num[3]/tail(),29267,32528,25489,/TEI[1]/text[1]/body[1]/div1[1]/div2[7]/p[2]/text(),latin-book20-num125,INTERNAL_BUT_EXACT,CLOSED_INDIVIDUAL_REVIEW
128,298,312,68652,68669,/TEI[1]/text[1]/body[1]/div1[1]/div2[2]/p[21]/num[4]/tail(),29477,32721,25682,/TEI[1]/text[1]/body[1]/div1[1]/div2[7]/p[2]/text(),latin-book20-num125,INTERNAL_BUT_EXACT,CLOSED_INDIVIDUAL_REVIEW
129,298,312,68948,68965,/TEI[1]/text[1]/body[1]/div1[1]/div2[2]/p[21]/num[5]/tail(),29618,32860,25821,/TEI[1]/text[1]/body[1]/div1[1]/div2[7]/p[2]/text(),latin-book20-num125,INTERNAL_BUT_EXACT,CLOSED_INDIVIDUAL_REVIEW
130,298,312,69500,69517,/TEI[1]/text[1]/body[1]/div1[1]/div2[2]/p[21]/num[6]/tail(),29874,33140,26067,/TEI[1]/text[1]/body[1]/div1[1]/div2[7]/p[2]/milestone[1]/tail(),latin-book20-num125,INTERNAL_BUT_EXACT,CLOSED_INDIVIDUAL_REVIEW
131,298,312,70108,70125,/TEI[1]/text[1]/body[1]/div1[1]/div2[2]/p[21]/num[7]/tail(),30179,33461,26375,/TEI[1]/text[1]/body[1]/div1[1]/div2[7]/p[2]/cb[1]/tail(),latin-book20-num125,INTERNAL_BUT_EXACT,CLOSED_INDIVIDUAL_REVIEW
132,298,312,70491,70508,/TEI[1]/text[1]/body[1]/div1[1]/div2[2]/p[21]/num[8]/tail(),30366,33646,26560,/TEI[1]/text[1]/body[1]/div1[1]/div2[7]/p[2]/cb[1]/tail(),latin-book20-num125,INTERNAL_BUT_EXACT,CLOSED_INDIVIDUAL_REVIEW
133,298,312,70933,70950,/TEI[1]/text[1]/body[1]/div1[1]/div2[2]/p[21]/num[9]/tail(),30583,33838,26752,/TEI[1]/text[1]/body[1]/div1[1]/div2[7]/p[2]/cb[1]/tail(),latin-book20-num125,INTERNAL_BUT_EXACT,CLOSED_INDIVIDUAL_REVIEW
134,299,313,71579,71596,/TEI[1]/text[1]/body[1]/div1[1]/div2[2]/p[22]/num[1]/tail(),30866,34150,27022,/TEI[1]/text[1]/body[1]/div1[1]/div2[7]/p[3]/text(),latin-book20-num134,EXACT_START,CLOSED_INDIVIDUAL_REVIEW
135,299,313,71942,71959,/TEI[1]/text[1]/body[1]/div1[1]/div2[2]/p[22]/num[2]/tail(),31043,34318,27190,/TEI[1]/text[1]/body[1]/div1[1]/div2[7]/p[3]/text(),latin-book20-num134,INTERNAL_BUT_EXACT,CLOSED_INDIVIDUAL_REVIEW
136,299,313,72736,72753,/TEI[1]/text[1]/body[1]/div1[1]/div2[2]/p[22]/num[3]/tail(),31422,34710,27548,/TEI[1]/text[1]/body[1]/div1[1]/div2[7]/p[3]/milestone[1]/tail(),latin-book20-num134,INTERNAL_BUT_EXACT,CLOSED_INDIVIDUAL_REVIEW
137,299,313,73492,73509,/TEI[1]/text[1]/body[1]/div1[1]/div2[2]/p[23]/num[1]/tail(),31744,35138,27855,/TEI[1]/text[1]/body[1]/div1[1]/div2[8]/p[1]/milestone[1]/tail(),latin-book20-num137,EXACT_START,CLOSED_INDIVIDUAL_REVIEW
138,299,313,73693,73710,/TEI[1]/text[1]/body[1]/div1[1]/div2[2]/p[23]/num[2]/tail(),31840,35259,27976,/TEI[1]/text[1]/body[1]/div1[1]/div2[8]/p[1]/milestone[1]/tail(),latin-book20-num137,INTERNAL_BUT_EXACT,CLOSED_INDIVIDUAL_REVIEW
139,299,313,74187,74204,/TEI[1]/text[1]/body[1]/div1[1]/div2[2]/p[23]/num[3]/tail(),32083,35494,28211,/TEI[1]/text[1]/body[1]/div1[1]/div2[8]/p[1]/milestone[1]/tail(),latin-book20-num137,INTERNAL_BUT_EXACT,CLOSED_INDIVIDUAL_REVIEW
140,300,314,74785,74802,/TEI[1]/text[1]/body[1]/div1[1]/div2[2]/p[23]/num[4]/tail(),32379,35828,28480,/TEI[1]/text[1]/body[1]/div1[1]/div2[8]/p[1]/cb[1]/tail(),latin-book20-num137,INTERNAL_BUT_EXACT,CLOSED_INDIVIDUAL_REVIEW
141,300,314,75157,75174,/TEI[1]/text[1]/body[1]/div1[1]/div2[2]/p[24]/num[1]/tail(),32522,35998,28608,/TEI[1]/text[1]/body[1]/div1[1]/div2[8]/p[2]/text(),latin-book20-num141,EXACT_START,CLOSED_INDIVIDUAL_REVIEW
142,300,314,75371,75388,/TEI[1]/text[1]/body[1]/div1[1]/div2[2]/p[24]/num[2]/tail(),32624,36117,28726,/TEI[1]/text[1]/body[1]/div1[1]/div2[8]/p[2]/text(),latin-book20-num141,INTERNAL_BUT_EXACT,CLOSED_INDIVIDUAL_REVIEW
143,300,314,76062,76079,/TEI[1]/text[1]/body[1]/div1[1]/div2[2]/p[24]/num[3]/tail(),32971,36427,29036,/TEI[1]/text[1]/body[1]/div1[1]/div2[8]/p[2]/text(),latin-book20-num141,INTERNAL_BUT_EXACT,CLOSED_INDIVIDUAL_REVIEW
144,300,314,76501,76518,/TEI[1]/text[1]/body[1]/div1[1]/div2[2]/p[24]/num[4]/tail(),33189,36608,29217,/TEI[1]/text[1]/body[1]/div1[1]/div2[8]/p[2]/text(),latin-book20-num141,INTERNAL_BUT_EXACT,CLOSED_INDIVIDUAL_REVIEW
145,300,314,76973,76990,/TEI[1]/text[1]/body[1]/div1[1]/div2[2]/p[25]/num[1]/tail(),33385,36815,29382,/TEI[1]/text[1]/body[1]/div1[1]/div2[8]/p[3]/text(),latin-book20-num145,EXACT_START,CLOSED_INDIVIDUAL_REVIEW
146,301,315,77518,77535,/TEI[1]/text[1]/body[1]/div1[1]/div2[2]/p[25]/num[2]/tail(),33659,37063,29630,/TEI[1]/text[1]/body[1]/div1[1]/div2[8]/p[3]/text(),latin-book20-num145,INTERNAL_BUT_EXACT,CLOSED_INDIVIDUAL_REVIEW
147,301,315,77983,78000,/TEI[1]/text[1]/body[1]/div1[1]/div2[2]/p[25]/num[3]/tail(),33890,37312,29879,/TEI[1]/text[1]/body[1]/div1[1]/div2[8]/p[3]/text(),latin-book20-num145,INTERNAL_BUT_EXACT,CLOSED_INDIVIDUAL_REVIEW
148,301,315,78706,78723,/TEI[1]/text[1]/body[1]/div1[1]/div2[2]/p[26]/num[1]/tail(),34194,37695,30141,/TEI[1]/text[1]/body[1]/div1[1]/div2[9]/p[1]/milestone[1]/tail(),latin-book20-num148,EXACT_START,CLOSED_INDIVIDUAL_REVIEW
149,301,315,79288,79305,/TEI[1]/text[1]/body[1]/div1[1]/div2[2]/p[26]/num[2]/tail(),34484,38007,30440,/TEI[1]/text[1]/body[1]/div1[1]/div2[9]/p[1]/cb[1]/tail(),latin-book20-num148,INTERNAL_BUT_EXACT,CLOSED_INDIVIDUAL_REVIEW
150,301,315,79781,79798,/TEI[1]/text[1]/body[1]/div1[1]/div2[2]/p[26]/num[3]/tail(),34728,38307,30669,/TEI[1]/text[1]/body[1]/div1[1]/div2[9]/p[1]/unclear[2]/tail(),latin-book20-num148,INTERNAL_BUT_EXACT,CLOSED_INDIVIDUAL_REVIEW
151,302,316,80243,80260,/TEI[1]/text[1]/body[1]/div1[1]/div2[2]/p[27]/num[1]/tail(),34917,38528,30848,/TEI[1]/text[1]/body[1]/div1[1]/div2[9]/p[2]/text(),latin-book20-num151,EXACT_START,CLOSED_INDIVIDUAL_REVIEW
152,302,316,80627,80644,/TEI[1]/text[1]/body[1]/div1[1]/div2[2]/p[27]/num[2]/tail(),35104,38660,30980,/TEI[1]/text[1]/body[1]/div1[1]/div2[9]/p[2]/text(),latin-book20-num151,INTERNAL_BUT_EXACT,CLOSED_INDIVIDUAL_REVIEW
153,302,316,81115,81132,/TEI[1]/text[1]/body[1]/div1[1]/div2[2]/p[27]/num[3]/tail(),35346,38853,31172,/TEI[1]/text[1]/body[1]/div1[1]/div2[9]/p[2]/text(),latin-book20-num151,INTERNAL_BUT_EXACT,CLOSED_INDIVIDUAL_REVIEW
154,302,316,81946,81963,/TEI[1]/text[1]/body[1]/div1[1]/div2[2]/p[28]/num[1]/tail(),35721,39241,31518,/TEI[1]/text[1]/body[1]/div1[1]/div2[9]/p[3]/text(),latin-book20-num154,EXACT_START,CLOSED_INDIVIDUAL_REVIEW
155,302,316,82517,82534,/TEI[1]/text[1]/body[1]/div1[1]/div2[2]/p[28]/num[2]/tail(),36002,39512,31789,/TEI[1]/text[1]/body[1]/div1[1]/div2[9]/p[3]/text(),latin-book20-num154,INTERNAL_BUT_EXACT,CLOSED_INDIVIDUAL_REVIEW
156,302,316,82978,82995,/TEI[1]/text[1]/body[1]/div1[1]/div2[2]/p[28]/num[3]/tail(),36229,39746,32022,/TEI[1]/text[1]/body[1]/div1[1]/div2[9]/p[3]/text(),latin-book20-num154,INTERNAL_BUT_EXACT,CLOSED_INDIVIDUAL_REVIEW
157,302,316,83198,83215,/TEI[1]/text[1]/body[1]/div1[1]/div2[2]/p[28]/num[4]/tail(),36334,39937,32148,/TEI[1]/text[1]/body[1]/div1[1]/div2[9]/p[3]/cb[1]/tail(),latin-book20-num154,INTERNAL_BUT_EXACT,CLOSED_INDIVIDUAL_REVIEW
158,303,317,83857,83874,/TEI[1]/text[1]/body[1]/div1[1]/div2[2]/p[29]/num[1]/tail(),36623,40243,32412,/TEI[1]/text[1]/body[1]/div1[1]/div2[9]/p[4]/text(),latin-book20-num158,EXACT_START,CLOSED_INDIVIDUAL_REVIEW
159,303,317,84317,84334,/TEI[1]/text[1]/body[1]/div1[1]/div2[2]/p[29]/num[2]/tail(),36849,40438,32607,/TEI[1]/text[1]/body[1]/div1[1]/div2[9]/p[4]/text(),latin-book20-num158,INTERNAL_BUT_EXACT,CLOSED_INDIVIDUAL_REVIEW
160,303,317,84778,84795,/TEI[1]/text[1]/body[1]/div1[1]/div2[2]/p[30]/num[1]/tail(),37040,40676,32803,/TEI[1]/text[1]/body[1]/div1[1]/div2[9]/p[5]/text(),latin-book20-num160,EXACT_START,CLOSED_INDIVIDUAL_REVIEW
161,303,317,85099,85116,/TEI[1]/text[1]/body[1]/div1[1]/div2[2]/p[30]/num[2]/tail(),37196,40836,32963,/TEI[1]/text[1]/body[1]/div1[1]/div2[9]/p[5]/text(),latin-book20-num160,INTERNAL_BUT_EXACT,CLOSED_INDIVIDUAL_REVIEW
162,303,317,85716,85733,/TEI[1]/text[1]/body[1]/div1[1]/div2[2]/p[30]/num[3]/tail(),37500,41101,33228,/TEI[1]/text[1]/body[1]/div1[1]/div2[9]/p[5]/text(),latin-book20-num160,INTERNAL_BUT_EXACT,CLOSED_INDIVIDUAL_REVIEW
163,303,317,86530,86547,/TEI[1]/text[1]/body[1]/div1[1]/div2[2]/p[30]/num[4]/tail(),37903,41480,33607,/TEI[1]/text[1]/body[1]/div1[1]/div2[9]/p[5]/text(),latin-book20-num160,INTERNAL_BUT_EXACT,CLOSED_INDIVIDUAL_REVIEW
164,304,318,87090,87107,/TEI[1]/text[1]/body[1]/div1[1]/div2[2]/p[30]/num[5]/tail(),38178,41749,33876,/TEI[1]/text[1]/body[1]/div1[1]/div2[9]/p[5]/text(),latin-book20-num160,INTERNAL_BUT_EXACT,CLOSED_INDIVIDUAL_REVIEW
165,304,318,87386,87403,/TEI[1]/text[1]/body[1]/div1[1]/div2[2]/p[30]/num[6]/tail(),38320,41876,34003,/TEI[1]/text[1]/body[1]/div1[1]/div2[9]/p[5]/text(),latin-book20-num160,INTERNAL_BUT_EXACT,CLOSED_INDIVIDUAL_REVIEW
166,304,318,88165,88182,/TEI[1]/text[1]/body[1]/div1[1]/div2[2]/p[30]/num[7]/tail(),38706,42239,34353,/TEI[1]/text[1]/body[1]/div1[1]/div2[9]/p[5]/cb[1]/tail(),latin-book20-num160,INTERNAL_BUT_EXACT,CLOSED_INDIVIDUAL_REVIEW
167,304,318,88822,88839,/TEI[1]/text[1]/body[1]/div1[1]/div2[2]/p[31]/num[1]/tail(),38991,42543,34615,/TEI[1]/text[1]/body[1]/div1[1]/div2[9]/p[6]/text(),latin-book20-num167,EXACT_START,CLOSED_INDIVIDUAL_REVIEW
168,304,318,89143,89160,/TEI[1]/text[1]/body[1]/div1[1]/div2[2]/p[31]/num[2]/tail(),39145,42724,34757,/TEI[1]/text[1]/body[1]/div1[1]/div2[9]/p[6]/add[1]/tail(),latin-book20-num167,INTERNAL_BUT_EXACT,CLOSED_INDIVIDUAL_REVIEW
169,304,318,89533,89550,/TEI[1]/text[1]/body[1]/div1[1]/div2[2]/p[31]/num[3]/tail(),39319,42925,34924,/TEI[1]/text[1]/body[1]/div1[1]/div2[9]/p[6]/milestone[1]/tail(),latin-book20-num167,INTERNAL_BUT_EXACT,CLOSED_INDIVIDUAL_REVIEW
170,305,319,89986,90003,/TEI[1]/text[1]/body[1]/div1[1]/div2[2]/p[31]/num[4]/tail(),39543,43154,35153,/TEI[1]/text[1]/body[1]/div1[1]/div2[9]/p[6]/milestone[1]/tail(),latin-book20-num167,INTERNAL_BUT_EXACT,CLOSED_INDIVIDUAL_REVIEW
171,305,319,90307,90324,/TEI[1]/text[1]/body[1]/div1[1]/div2[2]/p[31]/num[5]/tail(),39697,43285,35284,/TEI[1]/text[1]/body[1]/div1[1]/div2[9]/p[6]/milestone[1]/tail(),latin-book20-num167,INTERNAL_BUT_EXACT,CLOSED_INDIVIDUAL_REVIEW
172,305,319,90786,90803,/TEI[1]/text[1]/body[1]/div1[1]/div2[2]/p[31]/num[6]/tail(),39932,43507,35506,/TEI[1]/text[1]/body[1]/div1[1]/div2[9]/p[6]/milestone[1]/tail(),latin-book20-num167,INTERNAL_BUT_EXACT,CLOSED_INDIVIDUAL_REVIEW
173,305,319,91327,91344,/TEI[1]/text[1]/body[1]/div1[1]/div2[2]/p[32]/num[1]/tail(),40144,43832,35710,/TEI[1]/text[1]/body[1]/div1[1]/div2[10]/p[1]/milestone[1]/tail(),latin-book20-num173,EXACT_START,CLOSED_INDIVIDUAL_REVIEW
174,305,319,92109,92126,/TEI[1]/text[1]/body[1]/div1[1]/div2[2]/p[32]/num[2]/tail(),40536,44290,36102,/TEI[1]/text[1]/body[1]/div1[1]/div2[10]/p[1]/cb[1]/tail(),latin-book20-num173,INTERNAL_BUT_EXACT,CLOSED_INDIVIDUAL_REVIEW
175,305,319,92415,92432,/TEI[1]/text[1]/body[1]/div1[1]/div2[2]/p[32]/num[3]/tail(),40684,44462,36274,/TEI[1]/text[1]/body[1]/div1[1]/div2[10]/p[1]/cb[1]/tail(),latin-book20-num173,INTERNAL_BUT_EXACT,CLOSED_INDIVIDUAL_REVIEW
176,305,319,92718,92735,/TEI[1]/text[1]/body[1]/div1[1]/div2[2]/p[32]/num[4]/tail(),40829,44608,36420,/TEI[1]/text[1]/body[1]/div1[1]/div2[10]/p[1]/cb[1]/tail(),latin-book20-num173,INTERNAL_BUT_EXACT,CLOSED_INDIVIDUAL_REVIEW
177,306,320,93334,93351,/TEI[1]/text[1]/body[1]/div1[1]/div2[2]/p[32]/num[5]/tail(),41135,44908,36720,/TEI[1]/text[1]/body[1]/div1[1]/div2[10]/p[1]/cb[1]/tail(),latin-book20-num173,INTERNAL_BUT_EXACT,CLOSED_INDIVIDUAL_REVIEW
178,306,320,93924,93941,/TEI[1]/text[1]/body[1]/div1[1]/div2[2]/p[32]/num[6]/tail(),41431,45202,37014,/TEI[1]/text[1]/body[1]/div1[1]/div2[10]/p[1]/cb[1]/tail(),latin-book20-num173,INTERNAL_BUT_EXACT,CLOSED_INDIVIDUAL_REVIEW
179,306,320,94489,94506,/TEI[1]/text[1]/body[1]/div1[1]/div2[2]/p[33]/num[1]/tail(),41674,45445,37215,/TEI[1]/text[1]/body[1]/div1[1]/div2[10]/p[2]/text(),latin-book20-num179,EXACT_START,CLOSED_INDIVIDUAL_REVIEW
180,306,320,94700,94717,/TEI[1]/text[1]/body[1]/div1[1]/div2[2]/p[33]/num[2]/tail(),41773,45518,37288,/TEI[1]/text[1]/body[1]/div1[1]/div2[10]/p[2]/text(),latin-book20-num179,INTERNAL_BUT_EXACT,CLOSED_INDIVIDUAL_REVIEW
181,307,321,95398,95415,/TEI[1]/text[1]/body[1]/div1[1]/div2[2]/p[33]/num[3]/tail(),42117,45897,37666,/TEI[1]/text[1]/body[1]/div1[1]/div2[10]/p[2]/text(),latin-book20-num179,INTERNAL_BUT_EXACT,CLOSED_INDIVIDUAL_REVIEW
182,307,321,96073,96090,/TEI[1]/text[1]/body[1]/div1[1]/div2[2]/p[34]/num[1]/tail(),42399,46324,37959,/TEI[1]/text[1]/body[1]/div1[1]/div2[11]/p[1]/milestone[1]/tail(),latin-book20-num182,EXACT_START,CLOSED_INDIVIDUAL_REVIEW
183,307,321,96741,96758,/TEI[1]/text[1]/body[1]/div1[1]/div2[2]/p[34]/num[2]/tail(),42734,46634,38269,/TEI[1]/text[1]/body[1]/div1[1]/div2[11]/p[1]/milestone[1]/tail(),latin-book20-num182,INTERNAL_BUT_EXACT,CLOSED_INDIVIDUAL_REVIEW
184,307,321,97270,97287,/TEI[1]/text[1]/body[1]/div1[1]/div2[2]/p[34]/num[3]/tail(),42993,46907,38542,/TEI[1]/text[1]/body[1]/div1[1]/div2[11]/p[1]/milestone[1]/tail(),latin-book20-num182,INTERNAL_BUT_EXACT,CLOSED_INDIVIDUAL_REVIEW
185,307,321,97878,97895,/TEI[1]/text[1]/body[1]/div1[1]/div2[2]/p[35]/num[1]/tail(),43258,47225,38818,/TEI[1]/text[1]/body[1]/div1[1]/div2[11]/p[2]/text(),latin-book20-num185,EXACT_START,CLOSED_INDIVIDUAL_REVIEW
186,307,321,98171,98188,/TEI[1]/text[1]/body[1]/div1[1]/div2[2]/p[35]/num[2]/tail(),43398,47337,38930,/TEI[1]/text[1]/body[1]/div1[1]/div2[11]/p[2]/text(),latin-book20-num185,INTERNAL_BUT_EXACT,CLOSED_INDIVIDUAL_REVIEW
187,308,322,98741,98758,/TEI[1]/text[1]/body[1]/div1[1]/div2[2]/p[35]/num[3]/tail(),43682,47547,39140,/TEI[1]/text[1]/body[1]/div1[1]/div2[11]/p[2]/text(),latin-book20-num185,INTERNAL_BUT_EXACT,CLOSED_INDIVIDUAL_REVIEW
188,308,322,99263,99280,/TEI[1]/text[1]/body[1]/div1[1]/div2[2]/p[35]/num[4]/tail(),43939,47797,39390,/TEI[1]/text[1]/body[1]/div1[1]/div2[11]/p[2]/text(),latin-book20-num185,INTERNAL_BUT_EXACT,CLOSED_INDIVIDUAL_REVIEW
189,308,322,99928,99945,/TEI[1]/text[1]/body[1]/div1[1]/div2[2]/p[36]/num[1]/tail(),44215,48289,39696,/TEI[1]/text[1]/body[1]/div1[1]/div2[12]/p[1]/milestone[1]/tail(),latin-book20-num189,EXACT_START,CLOSED_INDIVIDUAL_REVIEW
190,308,322,100207,100224,/TEI[1]/text[1]/body[1]/div1[1]/div2[2]/p[36]/num[2]/tail(),44349,48416,39823,/TEI[1]/text[1]/body[1]/div1[1]/div2[12]/p[1]/milestone[1]/tail(),latin-book20-num189,INTERNAL_BUT_EXACT,CLOSED_INDIVIDUAL_REVIEW
191,308,322,100719,100736,/TEI[1]/text[1]/body[1]/div1[1]/div2[2]/p[36]/num[3]/tail(),44601,48629,40036,/TEI[1]/text[1]/body[1]/div1[1]/div2[12]/p[1]/milestone[1]/tail(),latin-book20-num189,INTERNAL_BUT_EXACT,CLOSED_INDIVIDUAL_REVIEW
192,308,322,101232,101249,/TEI[1]/text[1]/body[1]/div1[1]/div2[2]/p[36]/num[4]/tail(),44854,48893,40300,/TEI[1]/text[1]/body[1]/div1[1]/div2[12]/p[1]/milestone[1]/tail(),latin-book20-num189,INTERNAL_BUT_EXACT,CLOSED_INDIVIDUAL_REVIEW
193,309,323,101654,101671,/TEI[1]/text[1]/body[1]/div1[1]/div2[2]/p[36]/num[5]/tail(),45057,49090,40497,/TEI[1]/text[1]/body[1]/div1[1]/div2[12]/p[1]/milestone[1]/tail(),latin-book20-num189,INTERNAL_BUT_EXACT,CLOSED_INDIVIDUAL_REVIEW
194,309,323,102153,102170,/TEI[1]/text[1]/body[1]/div1[1]/div2[2]/p[36]/num[6]/tail(),45304,49376,40783,/TEI[1]/text[1]/body[1]/div1[1]/div2[12]/p[1]/milestone[1]/tail(),latin-book20-num189,INTERNAL_BUT_EXACT,CLOSED_INDIVIDUAL_REVIEW
195,309,323,102423,102440,/TEI[1]/text[1]/body[1]/div1[1]/div2[2]/p[36]/num[7]/tail(),45435,49491,40898,/TEI[1]/text[1]/body[1]/div1[1]/div2[12]/p[1]/milestone[1]/tail(),latin-book20-num189,INTERNAL_BUT_EXACT,CLOSED_INDIVIDUAL_REVIEW
196,309,323,103004,103021,/TEI[1]/text[1]/body[1]/div1[1]/div2[2]/p[36]/num[8]/tail(),45724,49770,41177,/TEI[1]/text[1]/body[1]/div1[1]/div2[12]/p[1]/milestone[1]/tail(),latin-book20-num189,INTERNAL_BUT_EXACT,CLOSED_INDIVIDUAL_REVIEW
197,309,323,103315,103332,/TEI[1]/text[1]/body[1]/div1[1]/div2[2]/p[37]/num[1]/tail(),45836,49917,41282,/TEI[1]/text[1]/body[1]/div1[1]/div2[12]/p[2]/text(),latin-book20-num197,EXACT_START,CLOSED_INDIVIDUAL_REVIEW
198,309,323,103748,103765,/TEI[1]/text[1]/body[1]/div1[1]/div2[2]/p[37]/num[2]/tail(),46046,50120,41472,/TEI[1]/text[1]/body[1]/div1[1]/div2[12]/p[2]/cb[1]/tail(),latin-book20-num197,INTERNAL_BUT_EXACT,CLOSED_INDIVIDUAL_REVIEW
199,309,323,104204,104221,/TEI[1]/text[1]/body[1]/div1[1]/div2[2]/p[37]/num[3]/tail(),46271,50401,41753,/TEI[1]/text[1]/body[1]/div1[1]/div2[12]/p[2]/cb[1]/tail(),latin-book20-num197,INTERNAL_BUT_EXACT,CLOSED_INDIVIDUAL_REVIEW
200,310,324,104696,104713,/TEI[1]/text[1]/body[1]/div1[1]/div2[2]/p[37]/num[4]/tail(),46498,50621,41939,/TEI[1]/text[1]/body[1]/div1[1]/div2[12]/p[2]/milestone[1]/tail(),latin-book20-num197,INTERNAL_BUT_EXACT,CLOSED_INDIVIDUAL_REVIEW
201,310,324,105352,105369,/TEI[1]/text[1]/body[1]/div1[1]/div2[2]/p[37]/num[5]/tail(),46825,50926,42244,/TEI[1]/text[1]/body[1]/div1[1]/div2[12]/p[2]/milestone[1]/tail(),latin-book20-num197,INTERNAL_BUT_EXACT,CLOSED_INDIVIDUAL_REVIEW
202,310,324,105877,105894,/TEI[1]/text[1]/body[1]/div1[1]/div2[2]/p[37]/num[6]/tail(),47082,51164,42482,/TEI[1]/text[1]/body[1]/div1[1]/div2[12]/p[2]/milestone[1]/tail(),latin-book20-num197,INTERNAL_BUT_EXACT,CLOSED_INDIVIDUAL_REVIEW
203,310,324,106216,106233,/TEI[1]/text[1]/body[1]/div1[1]/div2[2]/p[37]/num[7]/tail(),47244,51319,42637,/TEI[1]/text[1]/body[1]/div1[1]/div2[12]/p[2]/milestone[1]/tail(),latin-book20-num197,INTERNAL_BUT_EXACT,CLOSED_INDIVIDUAL_REVIEW
204,310,324,106747,106764,/TEI[1]/text[1]/body[1]/div1[1]/div2[2]/p[38]/num[1]/tail(),47466,51584,42860,/TEI[1]/text[1]/body[1]/div1[1]/div2[12]/p[3]/text(),latin-book20-num204,EXACT_START,CLOSED_INDIVIDUAL_REVIEW
205,310,324,107091,107108,/TEI[1]/text[1]/body[1]/div1[1]/div2[2]/p[38]/num[2]/tail(),47632,51728,43004,/TEI[1]/text[1]/body[1]/div1[1]/div2[12]/p[3]/text(),latin-book20-num204,INTERNAL_BUT_EXACT,CLOSED_INDIVIDUAL_REVIEW
206,310,324,107550,107567,/TEI[1]/text[1]/body[1]/div1[1]/div2[2]/p[38]/num[3]/tail(),47857,51928,43204,/TEI[1]/text[1]/body[1]/div1[1]/div2[12]/p[3]/text(),latin-book20-num204,INTERNAL_BUT_EXACT,CLOSED_INDIVIDUAL_REVIEW
207,311,325,107929,107946,/TEI[1]/text[1]/body[1]/div1[1]/div2[2]/p[38]/num[4]/tail(),48044,52171,43382,/TEI[1]/text[1]/body[1]/div1[1]/div2[12]/p[3]/cb[1]/tail(),latin-book20-num204,INTERNAL_BUT_EXACT,CLOSED_INDIVIDUAL_REVIEW
208,311,325,108347,108364,/TEI[1]/text[1]/body[1]/div1[1]/div2[2]/p[39]/num[1]/tail(),48214,52393,43562,/TEI[1]/text[1]/body[1]/div1[1]/div2[12]/p[4]/text(),latin-book20-num208,EXACT_START,CLOSED_INDIVIDUAL_REVIEW
209,311,325,108796,108813,/TEI[1]/text[1]/body[1]/div1[1]/div2[2]/p[39]/num[2]/tail(),48437,52578,43747,/TEI[1]/text[1]/body[1]/div1[1]/div2[12]/p[4]/text(),latin-book20-num208,INTERNAL_BUT_EXACT,CLOSED_INDIVIDUAL_REVIEW
210,311,325,109245,109262,/TEI[1]/text[1]/body[1]/div1[1]/div2[2]/p[39]/num[3]/tail(),48657,52806,43975,/TEI[1]/text[1]/body[1]/div1[1]/div2[12]/p[4]/text(),latin-book20-num208,INTERNAL_BUT_EXACT,CLOSED_INDIVIDUAL_REVIEW
211,311,325,109833,109850,/TEI[1]/text[1]/body[1]/div1[1]/div2[2]/p[40]/num[1]/tail(),48911,53114,44241,/TEI[1]/text[1]/body[1]/div1[1]/div2[12]/p[5]/text(),latin-book20-num211,EXACT_START,CLOSED_INDIVIDUAL_REVIEW
212,311,325,110390,110407,/TEI[1]/text[1]/body[1]/div1[1]/div2[2]/p[40]/num[2]/tail(),49189,53343,44470,/TEI[1]/text[1]/body[1]/div1[1]/div2[12]/p[5]/text(),latin-book20-num211,INTERNAL_BUT_EXACT,CLOSED_INDIVIDUAL_REVIEW
213,311,325,110994,111011,/TEI[1]/text[1]/body[1]/div1[1]/div2[2]/p[40]/num[3]/tail(),49488,53650,44777,/TEI[1]/text[1]/body[1]/div1[1]/div2[12]/p[5]/text(),latin-book20-num211,INTERNAL_BUT_EXACT,CLOSED_INDIVIDUAL_REVIEW
214,312,326,111677,111694,/TEI[1]/text[1]/body[1]/div1[1]/div2[2]/p[40]/num[4]/tail(),49828,54017,45131,/TEI[1]/text[1]/body[1]/div1[1]/div2[12]/p[5]/cb[1]/tail(),latin-book20-num211,INTERNAL_BUT_EXACT,CLOSED_INDIVIDUAL_REVIEW
215,312,326,112383,112400,/TEI[1]/text[1]/body[1]/div1[1]/div2[2]/p[41]/num[1]/tail(),50125,54446,45438,/TEI[1]/text[1]/body[1]/div1[1]/div2[13]/p[1]/milestone[1]/tail(),latin-book20-num215,EXACT_START,CLOSED_INDIVIDUAL_REVIEW
216,312,326,113237,113254,/TEI[1]/text[1]/body[1]/div1[1]/div2[2]/p[42]/num[1]/tail(),50514,54859,45809,/TEI[1]/text[1]/body[1]/div1[1]/div2[13]/p[2]/text(),latin-book20-num216,EXACT_START,CLOSED_INDIVIDUAL_REVIEW
217,312,326,113734,113751,/TEI[1]/text[1]/body[1]/div1[1]/div2[2]/p[42]/num[2]/tail(),50757,55095,46045,/TEI[1]/text[1]/body[1]/div1[1]/div2[13]/p[2]/text(),latin-book20-num216,INTERNAL_BUT_EXACT,CLOSED_INDIVIDUAL_REVIEW
218,312,326,114101,114118,/TEI[1]/text[1]/body[1]/div1[1]/div2[2]/p[42]/num[3]/tail(),50935,55264,46214,/TEI[1]/text[1]/body[1]/div1[1]/div2[13]/p[2]/text(),latin-book20-num216,PARTIAL_CORRESPONDENCE,CLOSED_INDIVIDUAL_REVIEW
219,313,327,114602,114619,/TEI[1]/text[1]/body[1]/div1[1]/div2[2]/p[43]/num[1]/tail(),51146,55395,46302,/TEI[1]/text[1]/body[1]/div1[1]/div2[13]/p[3]/text(),latin-book20-num219,EXACT_START,CLOSED_INDIVIDUAL_REVIEW
220,313,327,115041,115058,/TEI[1]/text[1]/body[1]/div1[1]/div2[2]/p[43]/num[2]/tail(),51360,55634,46541,/TEI[1]/text[1]/body[1]/div1[1]/div2[13]/p[3]/text(),latin-book20-num219,INTERNAL_BUT_EXACT,CLOSED_INDIVIDUAL_REVIEW
221,313,327,115617,115634,/TEI[1]/text[1]/body[1]/div1[1]/div2[2]/p[43]/num[3]/tail(),51646,55909,46816,/TEI[1]/text[1]/body[1]/div1[1]/div2[13]/p[3]/text(),latin-book20-num219,INTERNAL_BUT_EXACT,CLOSED_INDIVIDUAL_REVIEW
222,313,327,116161,116178,/TEI[1]/text[1]/body[1]/div1[1]/div2[2]/p[43]/num[4]/tail(),51920,56256,47098,/TEI[1]/text[1]/body[1]/div1[1]/div2[13]/p[3]/cb[1]/tail(),latin-book20-num219,INTERNAL_BUT_EXACT,CLOSED_INDIVIDUAL_REVIEW
223,313,327,116843,116860,/TEI[1]/text[1]/body[1]/div1[1]/div2[2]/p[43]/num[5]/tail(),52262,56565,47407,/TEI[1]/text[1]/body[1]/div1[1]/div2[13]/p[3]/cb[1]/tail(),latin-book20-num219,INTERNAL_BUT_EXACT,CLOSED_INDIVIDUAL_REVIEW
224,313,327,117234,117251,/TEI[1]/text[1]/body[1]/div1[1]/div2[2]/p[44]/num[1]/tail(),52415,56754,47554,/TEI[1]/text[1]/body[1]/div1[1]/div2[13]/p[4]/text(),latin-book20-num224,EXACT_START,CLOSED_INDIVIDUAL_REVIEW
225,314,328,117646,117663,/TEI[1]/text[1]/body[1]/div1[1]/div2[2]/p[44]/num[2]/tail(),52618,56947,47747,/TEI[1]/text[1]/body[1]/div1[1]/div2[13]/p[4]/text(),latin-book20-num224,INTERNAL_BUT_EXACT,CLOSED_INDIVIDUAL_REVIEW
226,314,328,118054,118071,/TEI[1]/text[1]/body[1]/div1[1]/div2[2]/p[44]/num[3]/tail(),52815,57126,47926,/TEI[1]/text[1]/body[1]/div1[1]/div2[13]/p[4]/text(),latin-book20-num224,INTERNAL_BUT_EXACT,CLOSED_INDIVIDUAL_REVIEW
227,314,328,118394,118411,/TEI[1]/text[1]/body[1]/div1[1]/div2[2]/p[44]/num[4]/tail(),52980,57297,48097,/TEI[1]/text[1]/body[1]/div1[1]/div2[13]/p[4]/text(),latin-book20-num224,INTERNAL_BUT_EXACT,CLOSED_INDIVIDUAL_REVIEW
228,314,328,118752,118769,/TEI[1]/text[1]/body[1]/div1[1]/div2[2]/p[44]/num[5]/tail(),53154,57478,48240,/TEI[1]/text[1]/body[1]/div1[1]/div2[13]/p[4]/add[1]/tail(),latin-book20-num224,INTERNAL_BUT_EXACT,CLOSED_INDIVIDUAL_REVIEW
229,314,328,119171,119188,/TEI[1]/text[1]/body[1]/div1[1]/div2[2]/p[44]/num[6]/tail(),53361,57687,48449,/TEI[1]/text[1]/body[1]/div1[1]/div2[13]/p[4]/add[1]/tail(),latin-book20-num224,INTERNAL_BUT_EXACT,CLOSED_INDIVIDUAL_REVIEW
230,314,328,119766,119783,/TEI[1]/text[1]/body[1]/div1[1]/div2[2]/p[44]/num[7]/tail(),53659,58047,48796,/TEI[1]/text[1]/body[1]/div1[1]/div2[13]/p[4]/cb[1]/tail(),latin-book20-num224,INTERNAL_BUT_EXACT,CLOSED_INDIVIDUAL_REVIEW
231,314,328,120303,120320,/TEI[1]/text[1]/body[1]/div1[1]/div2[2]/p[45]/num[1]/tail(),53886,58307,49014,/TEI[1]/text[1]/body[1]/div1[1]/div2[13]/p[5]/text(),latin-book20-num231,EXACT_START,CLOSED_INDIVIDUAL_REVIEW
232,315,329,120966,120983,/TEI[1]/text[1]/body[1]/div1[1]/div2[2]/p[45]/num[2]/tail(),54214,58631,49338,/TEI[1]/text[1]/body[1]/div1[1]/div2[13]/p[5]/text(),latin-book20-num231,INTERNAL_BUT_EXACT,CLOSED_INDIVIDUAL_REVIEW
233,315,329,121200,121217,/TEI[1]/text[1]/body[1]/div1[1]/div2[2]/p[45]/num[3]/tail(),54325,58773,49480,/TEI[1]/text[1]/body[1]/div1[1]/div2[13]/p[5]/text(),latin-book20-num231,INTERNAL_BUT_EXACT,CLOSED_INDIVIDUAL_REVIEW
234,315,329,121599,121616,/TEI[1]/text[1]/body[1]/div1[1]/div2[2]/p[45]/num[4]/tail(),54518,58960,49667,/TEI[1]/text[1]/body[1]/div1[1]/div2[13]/p[5]/text(),latin-book20-num231,INTERNAL_BUT_EXACT,CLOSED_INDIVIDUAL_REVIEW
235,315,329,122193,122210,/TEI[1]/text[1]/body[1]/div1[1]/div2[2]/p[46]/num[1]/tail(),54775,59227,49892,/TEI[1]/text[1]/body[1]/div1[1]/div2[13]/p[6]/text(),latin-book20-num235,EXACT_START,CLOSED_INDIVIDUAL_REVIEW
236,315,329,122668,122685,/TEI[1]/text[1]/body[1]/div1[1]/div2[2]/p[46]/num[2]/tail(),55009,59473,50137,/TEI[1]/text[1]/body[1]/div1[1]/div2[13]/p[6]/text(),latin-book20-num235,INTERNAL_BUT_EXACT,CLOSED_INDIVIDUAL_REVIEW
237,315,329,123293,123310,/TEI[1]/text[1]/body[1]/div1[1]/div2[2]/p[46]/num[3]/tail(),55318,59747,50410,/TEI[1]/text[1]/body[1]/div1[1]/div2[13]/p[6]/text(),latin-book20-num235,INTERNAL_BUT_EXACT,CLOSED_INDIVIDUAL_REVIEW
238,316,330,123759,123776,/TEI[1]/text[1]/body[1]/div1[1]/div2[2]/p[46]/num[4]/tail(),55545,,,,,NO_INDEPENDENT_LATIN_INTERVAL,CLOSED_INDIVIDUAL_REVIEW
239,316,330,124093,124110,/TEI[1]/text[1]/body[1]/div1[1]/div2[2]/p[46]/num[5]/tail(),55708,60015,50613,/TEI[1]/text[1]/body[1]/div1[1]/div2[13]/p[6]/cb[1]/tail(),latin-book20-num235,INTERNAL_BUT_EXACT,CLOSED_INDIVIDUAL_REVIEW
240,316,330,124415,124432,/TEI[1]/text[1]/body[1]/div1[1]/div2[2]/p[46]/num[6]/tail(),55864,60138,50736,/TEI[1]/text[1]/body[1]/div1[1]/div2[13]/p[6]/cb[1]/tail(),latin-book20-num235,PARTIAL_CORRESPONDENCE,CLOSED_INDIVIDUAL_REVIEW
241,316,330,124969,124986,/TEI[1]/text[1]/body[1]/div1[1]/div2[2]/p[46]/num[7]/tail(),56135,60320,50918,/TEI[1]/text[1]/body[1]/div1[1]/div2[13]/p[6]/cb[1]/tail(),latin-book20-num235,PARTIAL_CORRESPONDENCE,CLOSED_INDIVIDUAL_REVIEW
242,316,330,125397,125414,/TEI[1]/text[1]/body[1]/div1[1]/div2[2]/p[47]/num[1]/tail(),56309,60442,50998,/TEI[1]/text[1]/body[1]/div1[1]/div2[13]/p[7]/text(),latin-book20-num242,EXACT_START,CLOSED_INDIVIDUAL_REVIEW
243,316,330,126029,126046,/TEI[1]/text[1]/body[1]/div1[1]/div2[2]/p[47]/num[2]/tail(),56620,60751,51307,/TEI[1]/text[1]/body[1]/div1[1]/div2[13]/p[7]/text(),latin-book20-num242,INTERNAL_BUT_EXACT,CLOSED_INDIVIDUAL_REVIEW
244,316,330,126382,126399,/TEI[1]/text[1]/body[1]/div1[1]/div2[2]/p[47]/num[3]/tail(),56789,60931,51487,/TEI[1]/text[1]/body[1]/div1[1]/div2[13]/p[7]/text(),latin-book20-num242,INTERNAL_BUT_EXACT,CLOSED_INDIVIDUAL_REVIEW
245,317,331,126957,126974,/TEI[1]/text[1]/body[1]/div1[1]/div2[2]/p[47]/num[4]/tail(),57072,61219,51775,/TEI[1]/text[1]/body[1]/div1[1]/div2[13]/p[7]/text(),latin-book20-num242,INTERNAL_BUT_EXACT,CLOSED_INDIVIDUAL_REVIEW
246,317,331,127467,127484,/TEI[1]/text[1]/body[1]/div1[1]/div2[2]/p[47]/num[5]/tail(),57324,61479,52035,/TEI[1]/text[1]/body[1]/div1[1]/div2[13]/p[7]/text(),latin-book20-num242,INTERNAL_BUT_EXACT,CLOSED_INDIVIDUAL_REVIEW
247,317,331,127813,127830,/TEI[1]/text[1]/body[1]/div1[1]/div2[2]/p[48]/num[1]/tail(),57455,61658,52172,/TEI[1]/text[1]/body[1]/div1[1]/div2[13]/p[8]/text(),latin-book20-num247,EXACT_START,CLOSED_INDIVIDUAL_REVIEW
248,317,331,128220,128237,/TEI[1]/text[1]/body[1]/div1[1]/div2[2]/p[48]/num[2]/tail(),57653,61880,52381,/TEI[1]/text[1]/body[1]/div1[1]/div2[13]/p[8]/cb[1]/tail(),latin-book20-num247,INTERNAL_BUT_EXACT,CLOSED_INDIVIDUAL_REVIEW
249,317,331,128899,128916,/TEI[1]/text[1]/body[1]/div1[1]/div2[2]/p[48]/num[3]/tail(),57988,62205,52706,/TEI[1]/text[1]/body[1]/div1[1]/div2[13]/p[8]/cb[1]/tail(),latin-book20-num247,INTERNAL_BUT_EXACT,CLOSED_INDIVIDUAL_REVIEW
250,317,331,129370,129387,/TEI[1]/text[1]/body[1]/div1[1]/div2[2]/p[48]/num[4]/tail(),58217,62425,52926,/TEI[1]/text[1]/body[1]/div1[1]/div2[13]/p[8]/cb[1]/tail(),latin-book20-num247,INTERNAL_BUT_EXACT,CLOSED_INDIVIDUAL_REVIEW
251,318,332,129762,129779,/TEI[1]/text[1]/body[1]/div1[1]/div2[2]/p[48]/num[5]/tail(),58409,62623,53124,/TEI[1]/text[1]/body[1]/div1[1]/div2[13]/p[8]/cb[1]/tail(),latin-book20-num247,INTERNAL_BUT_EXACT,CLOSED_INDIVIDUAL_REVIEW
252,318,332,130350,130367,/TEI[1]/text[1]/body[1]/div1[1]/div2[2]/p[49]/num[1]/tail(),58661,62894,53353,/TEI[1]/text[1]/body[1]/div1[1]/div2[13]/p[9]/text(),latin-book20-num252,EXACT_START,CLOSED_INDIVIDUAL_REVIEW
253,318,332,130880,130897,/TEI[1]/text[1]/body[1]/div1[1]/div2[2]/p[49]/num[2]/tail(),58924,63181,53640,/TEI[1]/text[1]/body[1]/div1[1]/div2[13]/p[9]/text(),latin-book20-num252,INTERNAL_BUT_EXACT,CLOSED_INDIVIDUAL_REVIEW
254,318,332,131146,131163,/TEI[1]/text[1]/body[1]/div1[1]/div2[2]/p[49]/num[3]/tail(),59049,63329,53788,/TEI[1]/text[1]/body[1]/div1[1]/div2[13]/p[9]/text(),latin-book20-num252,INTERNAL_BUT_EXACT,CLOSED_INDIVIDUAL_REVIEW
255,318,332,131650,131667,/TEI[1]/text[1]/body[1]/div1[1]/div2[2]/p[49]/num[4]/tail(),59300,63685,54079,/TEI[1]/text[1]/body[1]/div1[1]/div2[13]/p[9]/cb[1]/tail(),latin-book20-num252,INTERNAL_BUT_EXACT,CLOSED_INDIVIDUAL_REVIEW
256,318,332,132141,132158,/TEI[1]/text[1]/body[1]/div1[1]/div2[2]/p[49]/num[5]/tail(),59541,63893,54287,/TEI[1]/text[1]/body[1]/div1[1]/div2[13]/p[9]/cb[1]/tail(),latin-book20-num252,INTERNAL_BUT_EXACT,CLOSED_INDIVIDUAL_REVIEW
257,319,333,132618,132635,/TEI[1]/text[1]/body[1]/div1[1]/div2[2]/p[49]/num[6]/tail(),59774,64138,54532,/TEI[1]/text[1]/body[1]/div1[1]/div2[13]/p[9]/cb[1]/tail(),latin-book20-num252,INTERNAL_BUT_EXACT,CLOSED_INDIVIDUAL_REVIEW
258,319,333,133125,133142,/TEI[1]/text[1]/body[1]/div1[1]/div2[2]/p[49]/num[7]/tail(),60024,64379,54773,/TEI[1]/text[1]/body[1]/div1[1]/div2[13]/p[9]/cb[1]/tail(),latin-book20-num252,INTERNAL_BUT_EXACT,CLOSED_INDIVIDUAL_REVIEW
259,319,333,133544,133561,/TEI[1]/text[1]/body[1]/div1[1]/div2[2]/p[50]/num[1]/tail(),60190,64570,54922,/TEI[1]/text[1]/body[1]/div1[1]/div2[13]/p[10]/text(),latin-book20-num259,EXACT_START,CLOSED_INDIVIDUAL_REVIEW
260,319,333,134096,134113,/TEI[1]/text[1]/body[1]/div1[1]/div2[2]/p[50]/num[2]/tail(),60466,64840,55192,/TEI[1]/text[1]/body[1]/div1[1]/div2[13]/p[10]/text(),latin-book20-num259,INTERNAL_BUT_EXACT,CLOSED_INDIVIDUAL_REVIEW
261,319,333,134443,134460,/TEI[1]/text[1]/body[1]/div1[1]/div2[2]/p[50]/num[3]/tail(),60638,65002,55354,/TEI[1]/text[1]/body[1]/div1[1]/div2[13]/p[10]/text(),latin-book20-num259,INTERNAL_BUT_EXACT,CLOSED_INDIVIDUAL_REVIEW
262,319,333,135096,135113,/TEI[1]/text[1]/body[1]/div1[1]/div2[2]/p[50]/num[4]/tail(),60962,65339,55691,/TEI[1]/text[1]/body[1]/div1[1]/div2[13]/p[10]/text(),latin-book20-num259,INTERNAL_BUT_EXACT,CLOSED_INDIVIDUAL_REVIEW
263,319,333,135473,135490,/TEI[1]/text[1]/body[1]/div1[1]/div2[2]/p[50]/num[5]/tail(),61147,65527,55866,/TEI[1]/text[1]/body[1]/div1[1]/div2[13]/p[10]/cb[1]/tail(),latin-book20-num259,INTERNAL_BUT_EXACT,CLOSED_INDIVIDUAL_REVIEW
264,320,334,135970,135987,/TEI[1]/text[1]/body[1]/div1[1]/div2[2]/p[50]/num[6]/tail(),61390,65919,56118,/TEI[1]/text[1]/body[1]/div1[1]/div2[13]/p[10]/unclear[4]/tail(),latin-book20-num259,INTERNAL_BUT_EXACT,CLOSED_INDIVIDUAL_REVIEW
265,320,334,136619,136636,/TEI[1]/text[1]/body[1]/div1[1]/div2[2]/p[50]/num[7]/tail(),61710,66245,56443,/TEI[1]/text[1]/body[1]/div1[1]/div2[13]/p[10]/unclear[4]/tail(),latin-book20-num259,INTERNAL_BUT_EXACT,CLOSED_INDIVIDUAL_REVIEW
266,320,334,136890,136907,/TEI[1]/text[1]/body[1]/div1[1]/div2[2]/p[50]/num[8]/tail(),61841,66401,56557,/TEI[1]/text[1]/body[1]/div1[1]/div2[13]/p[11]/text(),latin-book20-num266,PARTIAL_CORRESPONDENCE,CLOSED_INDIVIDUAL_REVIEW
267,320,334,137229,137317,/TEI[1]/text[1]/body[1]/div1[1]/div2[2]/p[51]/text(),62005,66490,56646,/TEI[1]/text[1]/body[1]/div1[1]/div2[13]/p[11]/text(),latin-book20-num266,INTERNAL_BUT_EXACT,CLOSED_INDIVIDUAL_REVIEW
268,320,334,137984,138001,/TEI[1]/text[1]/body[1]/div1[1]/div2[2]/p[51]/num[1]/tail(),62346,66839,56995,/TEI[1]/text[1]/body[1]/div1[1]/div2[13]/p[11]/text(),latin-book20-num266,INTERNAL_BUT_EXACT,CLOSED_INDIVIDUAL_REVIEW
